Name, RA, DE, Redshift, Vlsr, DistMpc, SDSSu, SDSSg, SDSSr, SDSSi, Re, R50, Ellipticity, PA, logMstar, logSFR, logOH, Av, DeltaPos, W4, W3, W2, W1, WISEidDist, W4lum, W4SFR, incl, mfir, m21, ag, ai, t, type, D_25, inCarma, logMmol
CGCG429-012, 22.6138, 14.3869, 0.017511, 5162.89, 73.8631, 16.1189, 14.7303, 13.7444, 14.115, 10.5707, 9.03796, 0.958985, -23.9801, 10.5604, -1.23525, NaN, 0.677689, 0, 9.059, 11.528, 12.16, 12.085, 0.353363, 5.5073e+41, 0.115653, 75.42, NaN, 17.299, 0.286, 0, -1, S0-a, 0.827942, 0, 8.06578
IC0480, 7.92313, 26.741, 0.015417, 4554.98, 65.2238, 16.1114, 15.051, 14.1738, 14.4767, 20.2052, 20.6238, 0.980722, -12.3986, 10.2656, 0.113128, 8.48813, 1.28283, 0, 4.462, 6.228, 10.048, 10.32, 0, 9.7413e+42, 2.04567, 90, 12.117, 15.527, 0.183, 0, 4, Sbc, 1.74985, 1, 9.41416
IC0540, 9.50287, 7.90283, 0.006785, 2021.76, 28.5733, 15.8132, 14.4801, 13.436, 13.8003, 14.5999, 14.0318, 0.932826, -10.81, 9.83805, -1.08698, NaN, 1.6987, 0, 6.503, 7.827, 10.375, 10.335, 0, 3.02642e+41, 0.0635549, 90, NaN, 17.07, 0.262, 0, 2.5, Sb, 1.07152, 1, 8.21405
IC0776, 12.3175, 8.8563, 0.008809, 2619.64, 37.8703, 15.7666, 15.1913, 14.74, 14.9222, 24.397, 25.6403, 0.708797, -29.2209, 9.59023, -0.48297, 8.31713, 0.168446, 0, 7.939, 10.853, 14.107, 14.21, 1.15062, 4.06145e+41, 0.0852905, 66.64, NaN, 14.983, 0.093, 0.473, 7.8, SBd, 1.11944, 0, 8.81806
IC0944, 13.8586, 14.0922, 0.023152, 6788.36, 97.3241, 15.8414, 14.2249, 13.1151, 13.4783, 13.9133, 16.8382, 0.877236, 21.3886, 11.2574, 0.413573, 8.52266, 1.96414, 0, 5.237, 6.805, 9.507, 9.553, 0, 1.10346e+43, 2.31726, 67.57, 13.224, 16.791, 0.106, 0, 1.1, Sa, 1.52757, 1, 9.7146
IC1079, 14.9434, 9.36972, 0.029199, 8511.09, 121.481, 15.8856, 14.1598, 13.2124, 13.4988, 13.2599, 16.722, 0.72989, -2.77632, 11.4528, -1.04652, NaN, 0.278469, 0, 9.048, 10.652, 11.24, 11.157, 0.152636, 1.50486e+42, 0.316022, 90, NaN, NaN, 0.175, 0, -4.9, E, 1.45881, 0, 8.25451
IC1151, 15.9757, 17.4414, 0.007463, 2222.36, 33.5515, 14.8, 14.0184, 13.4181, 13.6237, 22.509, 23.0122, 0.830673, 44.3502, 10.0209, -0.200551, 8.40887, 0.382791, 0, 5.002, 6.792, 10.155, 10.189, 0, 1.27943e+42, 0.26868, 69.6, 12.946, 14.864, 0.164, 0, 5.1, SBc, 2.23357, 1, 9.10048
IC1199, 16.1762, 10.0403, 0.015683, 4632.15, 67.034, 15.3895, 14.1433, 13.2272, 13.5361, 17.7363, 17.8368, 0.914491, -16.5257, 10.7797, 0.162737, 8.53268, 0.991203, 0, 5.225, 7.04, 10.097, 10.177, 0, 5.11475e+42, 1.0741, 74.75, 13.549, 15.999, 0.228, 0, 3.7, Sbc, 1.19124, 1, 9.46377
IC1528, 0.084832, -7.09329, 0.012647, 3746.76, 51.9851, 15.1411, 14.1346, 13.3629, 13.6287, 21.6188, 23.0122, 0.940695, -16.2729, 10.5428, 0.19746, 8.5131, 0.774269, 0, 5.559, 7.576, 11.479, 11.528, 0.90006, 6.85238e+42, 1.439, 71.98, NaN, 14.338, 0.149, 0.578, 3.1, SBb, 2.15278, 0, 9.49849
IC1755, 1.95272, 14.5498, 0.026265, 7677.98, 108.41, 16.2102, 14.5836, 13.5443, 13.8812, 12.2824, 12.2628, 0.871561, -23.7832, 11.151, -0.066183, 8.5353, 1.23314, 0, 8.35, 10.009, 11.392, 11.252, 0.43838, 2.27942e+42, 0.478677, 90, NaN, 16.641, 0.211, 0.454, 1, Sa, 1.45546, 0, 9.23485
IC2095, 4.81274, -5.12455, 0.010166, 3019.22, 41.0334, 16.293, 15.9495, 15.4742, 15.6684, 14.5311, 18.9516, 0.695279, 25.6793, 9.00106, -0.746179, 8.31121, 0.377884, 0, 8.066, 11.175, 14.585, 14.825, 3.696, 4.24189e+41, 0.0890798, 90, NaN, 16.55, 0.192, 1.46, 5.9, Sc, 1.45881, 0, 8.55485
IC2098, 4.84562, -5.41821, 0.009339, 2775.82, 37.5844, 16.1663, 15.0067, 13.9397, 14.327, 19.0306, 20.0664, 0.990523, 6.38084, 9.62692, -0.276081, NaN, NaN, 0, 5.94, 8.006, 11.013, 11.149, 2.34005, 2.52174e+42, 0.529565, 90, 12.948, 15.36, 0.208, 1.444, 5.8, Sc, 2.44906, 0, 9.02495
IC2101, 4.86172, -6.23151, 0.014889, 4401.24, 60.4219, 15.3459, 14.4053, 13.5946, 13.8883, 24.221, 22.296, 0.944591, -36.2063, 10.387, 0.479094, 8.46479, 1.34428, 0, 4.351, 6.469, 10.623, 10.887, 0.902991, 2.81626e+43, 5.91414, 85.66, 12.069, 15.549, 0.209, 1.087, 5, SBc, 1.76198, 0, 9.78012
IC2247, 8.26642, 23.1996, 0.01427, 4220.91, 60.3362, 15.8989, 14.593, 13.4834, 13.8716, 21.007, 53.098, 0.963753, 39.3919, 10.4386, 0.233891, 8.50819, 1.56448, 0, 4.648, 6.437, 9.592, 9.724, 0, 7.1872e+42, 1.50931, 90, 12.671, 16.104, 0.228, 0, 4, Sbc, 1.8239, 1, 9.53492
IC2341, 8.39484, 21.4349, 0.017009, 5017.22, 71.4542, 15.4602, 13.9064, 13.0782, 13.3321, 11.3616, 10.5906, 0.698715, 10.2378, 10.8092, -1.27788, NaN, 0, 0, 7.946, 9.435, 10.863, 10.806, 0.267158, 1.43661e+42, 0.301688, 90, NaN, NaN, 0.212, 0, -3.1, E-S0, 1.18304, 0, 8.02315
IC2487, 9.50255, 20.0908, 0.014389, 4255.44, 60.8908, 15.7704, 14.5019, 13.5636, 13.8906, 19.4513, 20.7671, 0.948492, -16.7558, 10.5939, 0.166782, 8.51625, 1.10969, 0, 5.227, 6.854, 10.045, 10.123, 0, 4.26006e+42, 0.894612, 90, 13.488, 15.162, 0.211, 0, 3.1, Sb, 1.83654, 1, 9.46781
IC3598, 12.6225, 28.2081, 0.025537, 7470.27, 107.515, 16.2465, 14.5932, 13.5634, 13.8644, 12.3036, 11.2255, 0.471614, -36.4748, 11.0958, -0.162808, 8.53535, 1.30254, 0, 7.221, 9.42, 11.297, 11.415, 0.872486, 6.34199e+42, 1.33182, 90, NaN, 17.677, 0.076, 0.582, 1.9, Sab, 1.41254, 0, 9.13822
IC5309, 23.3199, 8.10952, 0.013807, 4085.74, 58.0529, 15.5405, 14.4631, 13.5756, 13.8723, 17.4826, 21.7386, 0.932532, 7.92135, 10.3756, 0.235933, 8.53508, 1.50891, 0, 5.859, 7.762, 11.539, 11.591, 0.294038, 6.48233e+42, 1.36129, 65.46, 13.604, 16.467, 0.337, 0.465, 3.1, Sb, 1.28529, 0, 9.53696
MCG-01-01-012, 23.9863, -4.19154, 0.018969, 5584.89, 78.1051, 16.3846, 14.8173, 13.6935, 14.0788, 22.3558, 29.3734, 0.691439, -28.5566, 10.6864, 0.34013, NaN, 2.91036, 0, 7.738, 9.277, 11.21, 11.222, 1.79655, 2.07894e+42, 0.436578, 90, NaN, 16.96, 0.159, 0.895, 3.2, Sb, 1.53815, 0, 9.64116
MCG-01-09-006, 3.14676, -7.04057, 0.029055, 8470.3, 117.82, 15.8116, 14.6664, 13.8353, 14.1148, 15.89, 17.3994, 0.697616, 11.9699, 11.0496, 0.57872, 8.55092, 0.951432, 0, 6.353, 8.458, 11.62, 11.667, 0.154101, 1.69404e+43, 3.55749, 90, 13.653, 15.819, 0.322, 0.462, 1.3, S?, 1.65959, 0, 9.87975
MCG-01-10-015, 3.64421, -5.34735, 0.013601, 4025.65, 55.2716, 15.7998, 14.8161, 14.0438, 14.2954, 19.6363, 19.6445, 0.923966, -14.0387, 10.2967, -0.261757, 8.52227, 0.639121, 0, 7.54, 9.255, 12.497, 12.534, 0.296699, 1.24936e+42, 0.262366, 75.15, NaN, NaN, 0.215, 0.926, 6.8, Scd, 1.45211, 0, 9.03927
MCG-01-10-019, 3.6786, -6.41521, 0.017546, 5173.09, 71.356, 15.8455, 14.8203, 14.1012, 14.342, 19.2861, 25.6403, 0.691715, 23.4021, 10.5602, 0.111283, 8.43661, 0.551496, 0, 7.125, 9.175, 12.522, 12.54, 0.719717, 3.05172e+42, 0.640862, 74.15, NaN, 15.46, 0.241, 0.85, 5.9, SABc, 1.80717, 0, 9.41231
MCG-01-52-012, 20.6305, -6.09084, 0.012817, 3796.47, 53.7243, 15.4108, 13.9851, 13.0503, 13.4003, 11.0133, 9.54163, 0.754944, -13.0565, 10.6203, -1.40027, NaN, 0.248549, 0, 8.446, 10.397, 11.115, 11.062, 0.202666, 5.12418e+41, 0.107608, 70.92, NaN, NaN, 0.265, 0, -5, E, 1.15878, 0, 7.90076
MCG-01-54-016, 21.4333, -3.80896, 0.009819, 2917.13, 41.2983, 16.0452, 15.4112, 14.826, 15.0564, 23.3347, 25.4193, 0.938162, 27.5708, 9.43266, -0.434591, 8.2802, 0.501806, 0, 8.236, 11.425, 14.137, 14.278, 1.39429, 3.67407e+41, 0.0771555, 84.83, NaN, 15.428, 0.27, 1.305, 7, Scd, 1.41254, 0, 8.86644
MCG-02-02-030, 0.502031, -11.1137, 0.011766, 3488.83, 47.9592, 15.0678, 13.838, 13.015, 13.2978, 17.8381, 19.2057, 0.897863, -18.2535, 10.6803, -0.017236, 8.56572, 0.88739, 0, 6.315, 8.478, 11.076, 11.042, 0.411438, 2.90688e+42, 0.610445, 72.71, 13.231, 15.64, 0.143, 0.305, 1, SBa, 1.86638, 0, 9.28379
MCG-02-51-004, 20.2611, -13.622, 0.018986, 5589.7, 78.5241, 15.2443, 14.0781, 13.2049, 13.5231, 18.502, 22.03, 0.744695, -31.3854, 10.924, 0.578569, 8.48424, 1.13815, 0, 5.633, 8.144, 11.228, 11.222, 0.102479, 1.46046e+43, 3.06697, 90, 13.096, 16.272, 0.412, 0.822, 8, Sd, 1.52405, 0, 9.8796
NGC0001, 0.121055, 27.7078, 0.015113, 4466.32, 64.5223, 15.0417, 13.6688, 12.6686, 12.9992, 12.5235, 14.0318, 0.48949, 15.5029, 10.8293, 0.649333, 8.58377, 1.59106, 0, 4.494, 6.357, 9.985, 10.091, 1.25705, 2.81516e+43, 5.91184, 48.84, 12.035, 14.882, 0.275, 0.243, 3.1, Sb, 1.56675, 0, 9.95036
NGC0014, 0.146231, 15.8157, 0.003975, 1187.66, 17.5355, 14.5139, 13.7944, 13.38, 13.538, 24.0536, 24.5255, 0.853991, 24.8531, 9.4992, -1.37251, NaN, 1.1664, 0, 6.114, 9.086, 12.566, 12.637, 3.67707, 4.67649e+41, 0.0982062, 55.65, NaN, 14.54, 0.336, 0.334, 9.9, IB, 1.52757, 0, 7.92852
NGC0036, 0.189531, 6.38933, 0.019921, 5859.45, 82.6608, 15.5988, 13.9809, 12.9722, 13.294, 16.7595, 21.3284, 0.569432, 32.6392, 11.221, 0.535072, 8.53775, 1.31868, 0, 8.115, 9.919, 11.215, 11.124, 0.824483, 1.64544e+42, 0.345543, 54.59, 13.276, 15.181, 0.288, 0.309, 3, SABb, 2.13796, 0, 9.8361
NGC0155, 0.577802, -10.7665, 0.020521, 6032.49, 83.7884, 15.2965, 13.6854, 12.7854, 13.0985, 12.6899, 15.1544, 0.651574, -5.74371, 11.2815, -1.01414, NaN, 0.396279, 0, 8.046, 10.447, 10.819, 10.73, 0.307563, 1.80157e+42, 0.37833, 34.57, NaN, NaN, 0.118, 0, -2, S0, 1.49279, 0, 8.28689
NGC0169, 0.614342, 23.991, 0.01525, 4506.31, 64.7141, 15.8332, 14.0452, 12.606, 13.0805, 16.6388, 25.8185, 0.904839, -27.8102, 10.901, 0.500765, 8.53932, 1.73812, 0, 5.602, 7.45, 9.909, 9.926, 0.347189, 1.02066e+43, 2.14339, 69.78, 12.84, 15.491, 0.129, 0.475, 2.5, Sab, 1.53109, 0, 9.80179
NGC0171, 0.622664, -19.9341, 0.012835, 3801.57, 51.7498, 15.447, 13.7476, 12.8228, 13.1312, 19.1068, 27.3125, 0.821361, 34.6715, 10.9342, 0.035677, 8.55483, 0.599828, 0, 7.327, 9.451, 10.877, 10.811, 0.844386, 1.3326e+42, 0.279847, 54.36, 13.265, 15.503, 0.092, 0.265, 2.2, Sab, 2.05589, 0, 9.33671
NGC0180, 0.632693, 8.63518, 0.017422, 5137.1, 72.523, 15.4494, 14.0714, 13.1796, 13.4683, 30.8216, 53.098, 0.985707, -36.9444, 11.0177, 0.537332, 8.56382, 0.755213, 0, 5.25, NaN, 11.21, 11.205, 0.112834, 1.7727e+43, 3.72267, 49.06, 12.739, 15.116, 0.238, 0.288, 4.6, Sc, 2.19786, 0, 9.83836
NGC0192, 0.653729, 0.864154, 0.013856, 4100.04, 57.3592, 15.0855, 13.6294, 12.5664, 12.9205, 13.9973, 18.3942, 0.76776, -20.4367, 10.9377, 0.459778, 8.55364, 1.92025, 0, 3.737, 6.133, 9.745, 9.926, 0.633649, 4.46777e+43, 9.38231, 76.15, 11.834, NaN, 0.088, 0.339, 1.1, SBa, 2.06063, 0, 9.76081
NGC0216, 0.690882, -21.0446, 0.005247, 1565.8, 20.1722, 14.5641, 13.7333, 13.2317, 13.4185, 17.9379, 17.9607, 0.949384, 26.254, 9.64816, -0.502076, 8.35091, 0.404447, 0, 6.575, 8.805, 11.872, 11.915, 1.17818, 4.04754e+41, 0.0849984, 86.27, NaN, 14.227, 0.085, 0, -1.8, S0, 1.34586, 0, 8.79895
NGC0237, 0.724398, -0.124946, 0.013822, 4089.96, 57.1281, 14.7521, 13.7598, 13.0218, 13.2821, 16.694, 16.8382, 0.850271, -1.06633, 10.592, 0.407405, 8.55287, 0.837509, 0, 4.882, 7.101, 10.964, 11.078, 0.720483, 1.54378e+43, 3.24193, 53.78, 12.352, 15.175, 0.076, 0.352, 4.5, SABc, 1.30317, 0, 9.70843
NGC0364, 1.07801, -0.802729, 0.016997, 5013.82, 69.9986, 15.6849, 13.9287, 12.9933, 13.2809, 11.9131, 14.0318, 0.546211, 0.940546, 11.0361, -1.55381, NaN, 0, 0, 8.363, 9.926, 10.73, 10.646, 0.210424, 9.38993e+41, 0.197189, 90, NaN, NaN, 0.137, 0, -1.8, S0, 1.40281, 0, 7.74722
NGC0429, 1.21595, -0.344961, 0.018841, 5547.85, 77.5171, 15.7625, 14.1153, 13.1076, 13.4447, 10.5113, 8.47308, 0.799846, 22.3217, 10.908, -1.47308, NaN, 0, 0, 8.528, 10.01, 10.761, 10.674, 0.0994373, 9.89189e+41, 0.20773, 90, NaN, NaN, 0.137, 0, -2, S0, 1.50661, 0, 7.82795
NGC0548, 1.43403, -1.22557, 0.017833, 5256.07, 73.2913, 15.9156, 14.4677, 13.4947, 13.8381, 11.8709, 12.2628, 0.577006, -36.0287, 10.5905, -0.981575, NaN, 1.72095, 0, 9.002, 11.537, 11.764, 11.687, 0.238798, 5.71464e+41, 0.120007, 44.38, NaN, NaN, 0.157, 0, -3.8, E, 0.901571, 0, 8.31945
NGC0570, 1.48296, -0.948952, 0.018436, 5430.65, 75.7577, 15.3922, 13.8608, 12.9536, 13.2499, 14.0556, 16.8382, 0.455441, 34.7977, 11.1016, -0.324227, 8.54419, 0.914297, 0, 7.728, 9.472, 10.894, 10.81, 0.218539, 1.97396e+42, 0.414531, 51.52, NaN, NaN, 0.119, 0.159, 1, Sa, 1.61808, 0, 8.9768
NGC0675, 1.81906, 13.0598, 0.017482, 5154.6, 72.7915, 15.9402, 14.7071, 13.7042, 14.0666, 23.0049, 42.3654, 0.93996, -14.0942, 10.607, 0.033607, NaN, 2.95119, 0, 6.33, 8.344, 11.415, 11.498, 0.198513, 6.60458e+42, 1.38696, 73.93, 13.578, NaN, 0.382, 0.313, 1, Sa, 1.04472, 0, 9.33464
NGC0693, 1.84196, 6.14488, 0.005003, 1493.55, 20.7262, 14.5595, 13.3416, 12.4279, 12.7258, 17.4744, 18.522, 0.952864, 16.3336, 10.1163, -0.174357, 8.46082, 0.829594, 0, 3.363, 5.972, 9.64, 9.868, 2.3447, 8.23233e+42, 1.72879, 66.8, 11.039, 15.181, 0.229, 0.136, 0.2, S0-a, 2.10863, 0, 9.12667
NGC0731, 1.91562, -9.01076, 0.012939, 3832.04, 52.5846, 14.7004, 13.0656, 12.1243, 12.4364, 12.405, 13.4705, 0.35491, 40.5008, 11.1138, -1.45392, NaN, 0, 0, 8.149, 9.467, 10.04, 9.971, 0.207512, 6.45358e+41, 0.135525, 36.19, NaN, NaN, 0.094, 0, -4.1, E, 1.69824, 0, 7.84711
NGC0755, 1.93964, -9.06131, 0.005679, 1694.2, 22.4655, 14.5967, 13.7356, 13.1862, 13.3988, 23.6695, 24.2895, 0.956099, -39.5434, 9.77458, -0.321885, 8.38108, 0.537813, 0, 7.073, 9.026, 12.04, 12.088, 0.878265, 3.17334e+41, 0.0666401, 78.55, 12.671, 13.989, 0.101, 0.729, 3.4, SBb, 2.87078, 0, 8.97914
NGC0768, 1.97804, 0.52926, 0.023119, 6778.9, 94.7377, 15.383, 14.2657, 13.4964, 13.7535, 16.7878, 18.0759, 0.712625, 26.7139, 10.9667, 0.72008, 8.4946, 0.76913, 0, 6.034, 8.336, 11.652, 11.675, 0.43977, 1.46937e+43, 3.08567, 72.22, 13.518, 15.64, 0.14, 0.643, 3.7, SBbc, 1.55955, 0, 10.0211
NGC0774, 1.99298, 14.0082, 0.015237, 4502.5, 63.6377, 15.4218, 13.7889, 12.7953, 13.1122, 13.3422, 14.0318, 0.608972, -16.1707, 11.0205, -0.90659, 8.54009, 0.320993, 0, 7.305, 8.983, 10.585, 10.532, 0.0153401, 2.05643e+42, 0.43185, 39.31, NaN, NaN, 0.263, 0, -2, S0, 1.27938, 0, 8.39444
NGC0776, 1.99848, 23.6444, 0.016238, 4793.43, 68.4198, 15.2998, 13.8969, 12.9401, 13.2326, 17.5712, 25.4193, 0.969686, 14.736, 11.0891, 0.616092, 8.5849, 1.00458, 0, 5.367, 7.493, 10.667, 10.726, 0.101137, 1.4166e+43, 2.97486, 18.34, 12.637, 15.667, 0.421, 0.03, 2.5, SABa, 1.34896, 0, 9.91712
NGC0810, 2.09127, 13.2516, 0.025941, 7585.56, 106.986, 15.4954, 13.7762, 12.7439, 13.0739, 14.8549, 16.2769, 0.733472, -6.25346, 11.4817, -0.436638, NaN, 0.732611, 0, 7.95, 9.105, 10.454, 10.403, 0.456064, 3.20877e+42, 0.673843, 90, NaN, NaN, 0.443, 0, -4.6, E, 1.40281, 0, 8.86439
NGC0825, 2.14232, 6.32365, 0.011121, 3299.49, 46.1101, 15.2201, 13.6742, 12.69, 13.0191, 11.6519, 11.8623, 0.926682, -38.8232, 10.6318, -0.702242, 8.46413, 0.965022, 0, 7.633, 9.074, 10.352, 10.332, 0.093716, 7.98136e+41, 0.167608, 90, NaN, 15.479, 0.236, 0.408, 1.1, Sa, 2.06063, 0, 8.59879
NGC0932, 2.4652, 20.3325, 0.013622, 4031.58, 57.3668, 15.0871, 13.3231, 12.3045, 12.6355, 13.4815, 18.0759, 0.426822, -2.41855, 11.1829, -0.046764, 8.5208, 1.31338, 0, 7.326, 9.129, 10.138, 10.062, 0.132329, 1.6391e+42, 0.344211, 24.39, NaN, 17.193, 0.6, 0.035, 1, Sa, 2.00447, 0, 9.25427
NGC0938, 2.47598, 20.2838, 0.013487, 3992.19, 56.8066, 14.9572, 13.3338, 12.3723, 12.6815, 12.0135, 13.4705, 0.620123, 4.57022, 11.0201, -0.60143, NaN, 1.28449, 0, 8.277, 9.535, 10.266, 10.228, 0.215451, 6.69394e+41, 0.140573, 66.27, NaN, NaN, 0.492, 0, -4.9, E, 1.55239, 0, 8.6996
NGC0941, 2.47441, -1.15146, 0.005553, 1656.58, 22.3728, 14.82, 14.0326, 13.4938, 13.663, 26.5718, 25.8185, 0.670209, -42.9925, 9.78762, -0.497352, 8.44578, 0.295451, 0, 6.594, 8.749, 12.463, 12.503, 0.142194, 4.89243e+41, 0.102741, 45.69, 13.073, 14.838, 0.153, 0.255, 5.3, SABc, 1.87068, 0, 8.80368
NGC0955, 2.5092, -1.10844, 0.004951, 1477.86, 19.8521, 14.4477, 12.8264, 11.8299, 12.1701, 13.328, 15.2516, 0.925502, 18.4475, 10.2165, -1.26811, 8.59927, 0.776348, 0, 6.993, 8.536, 9.674, 9.677, 0.198964, 2.66744e+41, 0.0560163, 81.47, NaN, 15.335, 0.156, 0.562, 2, Sab, 2.7227, 0, 8.03292
NGC0962, 2.54437, 28.0705, 0.0155, 4578.91, 65.6091, 14.9431, 13.2909, 12.3752, 12.6584, 12.9509, 17.3917, 0.980357, -15.4545, 11.2252, -0.396394, NaN, 2.06015, 0, 8.768, 9.826, 10.296, 10.235, 1.95038, 5.68083e+41, 0.119298, 59.34, NaN, NaN, 0.4, 0, -3.5, E-S0, 1.45546, 0, 8.90464
NGC0991, 2.59241, -7.15445, 0.005129, 1530.74, 20.1627, 15.2844, 14.2787, 13.5756, 13.8382, 29.7898, 31.7717, 0.790599, -19.7032, 9.6524, -0.818117, 8.46075, 0.353327, 0, 7.92, 10.426, 12.872, 12.831, 0.56131, 1.1716e+41, 0.0246036, 28.13, 13.122, 14.445, 0.12, 0.09, 5, SABc, 1.47911, 0, 8.48291
NGC1026, 2.65533, 6.54408, 0.01391, 4115.69, 57.5231, 15.0616, 13.4188, 12.4562, 12.7578, 13.4472, 16.8382, 0.504538, 25.7495, 11.0649, -0.655228, NaN, 2.29645, 0, 8.863, 9.909, 10.362, 10.291, 0.493252, 4.00099e+41, 0.0840209, 27.86, NaN, NaN, 0.364, 0, -2, S0, 1.84077, 0, 8.6458
NGC1056, 2.7134, 28.5745, 0.005283, 1576.67, 23.3324, 14.2208, 13.0966, 12.1016, 12.4326, 12.7528, 14.5931, 0.823681, -21.5647, 10.2083, 0.095233, 8.43016, 1.55744, 0, 3.349, 5.509, 9.238, 9.448, 1.70865, 1.05683e+43, 2.21934, 46.72, 11.232, 13.673, 0.652, 0.127, 1, Sa, 1.87932, 0, 9.39626
NGC1070, 2.72285, 4.96833, 0.013552, 4011.38, 55.9288, 14.4445, 13.0142, 12.077, 12.3754, 16.5711, 19.509, 0.530463, -6.02657, 11.2487, 0.3453, 8.56497, 0.923353, 0, 5.488, 7.698, 9.965, 9.994, 0.389799, 8.46749e+42, 1.77817, 32.52, 12.374, 14.327, 0.243, 0.103, 3, Sb, 2.34423, 0, 9.64633
NGC1094, 2.79106, -0.285085, 0.021499, 6313.87, 87.9726, 14.5709, 13.5328, 12.8058, 13.0628, 14.3697, 13.935, 0.661156, 0.4348, 11.0737, 0.713052, 8.54474, 0.808413, 0, 5.323, 7.202, 10.692, 10.719, 0.209042, 2.43882e+43, 5.12151, 53.81, 12.702, 15.693, 0.171, 0.249, 2.1, SABa, 1.32434, 0, 10.0141
NGC1142, 2.92006, -0.183587, 0.029282, 8534.83, 119.239, 14.863, 13.6882, 12.7743, 13.0544, 19.6306, 24.5255, 0.943862, 30.2032, 11.5818, 1.39308, 8.54799, 1.51713, 0, 3.121, 5.682, 9.312, 9.993, 0.762943, 3.40505e+44, 71.5061, 67.97, 11.243, NaN, 0.312, 0, -4.3, E, 1.07647, 0, 10.6941
NGC1324, 3.41713, -5.74576, 0.018842, 5548.14, 76.7148, 15.1559, 13.6857, 12.7083, 13.0287, 16.4672, 20.9003, 0.924336, -41.3711, 11.2541, 0.566633, 8.57246, 1.40361, 0, 6.012, 8.035, 10.36, 10.39, 0.288814, 9.832e+42, 2.06472, 81.65, 12.789, 15.03, 0.201, 0.748, 3.1, Sb, 2.37137, 0, 9.86766
NGC1349, 3.52431, 4.38088, 0.021952, 6444.08, 90.0324, 15.2894, 13.7518, 12.7916, 13.0846, 13.9703, 18.522, 0.444653, 43.7873, 11.3375, 0.078211, 8.5052, 0.944899, 0, 7.524, 9.235, 10.721, 10.675, 0.122531, 3.3642e+42, 0.706482, 0, NaN, 16.476, 0.945, 0, -2, S0, 0.909913, 0, 9.37924
NGC1361, 3.5716, -6.26504, 0.017589, 5185.47, 71.5526, 15.6274, 14.1155, 13.1899, 13.4938, 12.4367, 14.1218, 0.457706, 43.7853, 10.9458, -1.16286, NaN, 0, 0, 8.214, 10.63, 11.241, 11.163, 0.632649, 1.12547e+42, 0.236349, 60.64, NaN, NaN, 0.174, 0, -2.9, E-S0, 1.2388, 0, 8.13817
NGC1542, 4.28727, 4.78173, 0.012436, 3684.95, 51.1304, 15.328, 14.0089, 12.985, 13.346, 14.4807, 16.8382, 0.812874, 41.9909, 10.5561, -0.024316, 8.51489, 1.80093, 0, 5.801, 7.637, 10.722, 10.747, 0.489551, 5.30448e+42, 1.11394, 80.78, 13.637, 17.394, 0.913, 0.547, 2, Sab, 1.21619, 0, 9.27671
NGC1645, 4.73511, -5.46556, 0.016058, 4741.17, 65.2648, 15.3731, 13.721, 12.7624, 13.0802, 12.5262, 14.1218, 0.32442, 19.6938, 10.7607, -0.464338, NaN, NaN, 0, 7.609, 9.254, 10.482, 10.444, 0.317044, 1.63472e+42, 0.34329, 90, NaN, 15.82, 0.231, 0, -0.9, S0-a, 2.18273, 0, 8.83669
NGC1656, 4.76483, -5.13661, 0.012455, 3690.61, 50.49, 14.8336, 13.4351, 12.5954, 12.8782, 12.6541, 17.511, 0.906807, 6.19679, 10.9623, -0.664061, NaN, 1.22761, 0, 8.541, 9.931, 10.631, 10.579, 0.294245, 4.14662e+41, 0.0870789, 68.06, NaN, NaN, 0.235, 0, -1.3, S0-a, 1.7378, 0, 8.63697
NGC1659, 4.77498, -4.7887, 0.015559, 4596.17, 63.2679, 14.2905, 13.447, 12.8211, 13.0621, 16.1684, 19.509, 0.664951, -20.4899, 10.1843, 0.89747, NaN, NaN, 0, 4.137, 6.666, 10.572, 10.681, 0.513578, 3.76055e+43, 7.89715, 53.24, 12.059, 15.859, 0.158, 0.328, 4, Sbc, 1.49968, 0, 10.1985
NGC1665, 4.80474, -5.42745, 0.009163, 2724.06, 36.8557, 15.0335, 13.5674, 12.7047, 12.9851, 14.4749, 21.3284, 0.532061, 43.9278, 10.201, -1.44309, NaN, NaN, 0, 8.815, 10.106, 10.864, 10.762, 0.473548, 1.7167e+41, 0.0360506, 64.94, NaN, NaN, 0.265, 0, -1.8, S0, 1.79061, 0, 7.85794
NGC1666, 4.80912, -6.56987, 0.009227, 2742.82, 37.0419, 14.7103, 13.2553, 12.3598, 12.6655, 12.3507, 16.2697, 0.87687, 23.3736, 10.6942, -1.31268, 8.53973, 0.008816, 0, 7.405, 8.753, 10.187, 10.172, 0.606198, 6.35433e+41, 0.133441, 22.79, NaN, NaN, 0.374, 0, -1, S0-a, 1.34586, 0, 7.98835
NGC1667, 4.81033, -6.31987, 0.015304, 4522.09, 62.1189, 13.8819, 12.8332, 12.0895, 12.3222, 18.0825, 20.7579, 0.780535, 13.7639, 10.6893, 1.10795, NaN, NaN, 0, 3.571, 6.055, 9.809, 10.01, 0.66894, 6.10565e+43, 12.8219, 39.99, 11.062, 15.792, 0.329, 0.189, 5, SABc, 1.89234, 0, 10.409
NGC1677, 4.84782, -4.89271, 0.00934, 2776.04, 37.6235, 14.931, 14.1926, 13.6037, 13.8191, 13.3529, 11.148, 0.963389, -36.6581, 9.71592, -0.29838, 8.41183, 0.681036, 0, 5.098, 7.751, 11.616, 11.724, 1.08716, 5.48785e+42, 1.15245, 53.24, 12.059, 15.859, 0.158, 0.328, 4, Sbc, 1.49968, 0, 9.00265
NGC2449, 7.78897, 26.9302, 0.016519, 4875.21, 69.7239, 15.3215, 13.7549, 12.774, 13.1038, 17.2374, 22.03, 0.754212, -12.127, 11.0752, 0.037798, 8.59593, 0.941469, 0, 6.376, 8.491, 10.613, 10.614, 0.235744, 5.80827e+42, 1.21974, 73.74, NaN, 16.591, 0.191, 0.472, 2, Sab, 1.43549, 0, 9.33883
NGC2480, 7.95289, 23.7799, 0.008004, 2382.07, 34.4172, 15.2574, 14.6483, 14.1409, 14.2962, 15.2899, 19.6445, 0.95182, -21.7139, 9.61935, -0.354485, 8.41517, 0.951032, 0, 5.305, 7.832, 11.164, 11.247, 0, 1.11546e+42, 0.234247, 90, 13.504, 16.771, 0.28, 0, 8, SBd, 1.31826, 1, 8.94654
NGC2486, 7.96569, 25.1609, 0.015425, 4557.19, 65.1522, 12.7486, 11.9062, 11.1968, 11.145, 10.4613, 32.1977, 0.753701, -24.5742, 10.7927, -0.047964, 8.47148, 1.40744, 0, 6.719, 8.087, 10.121, 10.114, 0, 1.2639e+42, 0.265418, 60.27, NaN, 16.35, 0.231, 0, 1.2, Sa, 1.48594, 1, 9.25307
NGC2487, 7.97235, 25.1493, 0.016194, 4780.91, 68.3036, 15.6713, 14.171, 13.1865, 13.4945, 18.4598, 28.0636, 0.84435, 11.5567, 11.065, 0.247578, 8.54433, 0.808576, 0, 5.388, 6.799, 9.597, 9.622, 0, 4.69819e+42, 0.986619, 37.91, 13.46, 15.46, 0.219, 0, 3.1, Sb, 1.72982, 1, 9.54861
NGC2513, 8.04019, 9.4136, 0.015639, 4619.59, 64.9199, 15.0629, 13.268, 12.2722, 12.6055, 13.6709, 17.511, 0.597382, -8.76154, 11.3763, -0.959335, NaN, 0, 0, 7.906, 9.183, 9.845, 9.792, 0.321192, 1.23038e+42, 0.25838, 63.66, NaN, 17.894, 0.1, 0, -4.9, E, 1.90546, 0, 8.34169
NGC2522, 8.10373, 17.7066, 0.015541, 4590.87, 65.1245, 15.3636, 13.5234, 12.4312, 12.7569, 11.7009, 11.2974, 0.881969, 36.9026, 11.0966, -0.928799, NaN, 0, 0, 8.154, 9.152, 9.838, 9.797, 0.106489, 9.8531e+41, 0.206915, 90, NaN, NaN, 0.268, 0.165, -0.1, S0-a, 1.15345, 0, 8.37223
NGC2530, 8.13212, 17.8185, 0.016678, 4921.46, 69.7944, 15.2841, 14.3902, 13.7943, 14.0041, 20.3929, 25.8185, 0.870405, 26.5668, 10.5225, 0.287782, 8.44179, 0.359107, 0, 6.177, 8.342, 12.198, 12.259, 0.165812, 6.99077e+42, 1.46806, 48.29, 13.135, 15.52, 0.204, 0.305, 6.7, Scd, 1.40281, 0, 9.58881
NGC2540, 8.2129, 26.3618, 0.020881, 6136.18, 87.522, 15.1515, 14.25, 13.5949, 13.8191, 18.5646, 18.522, 0.453336, 1.91608, 10.7802, 0.521681, 8.53128, 0.850196, 0, 4.802, 7.579, 11.623, 11.785, 0.344724, 3.90048e+43, 8.19101, 60.4, 12.94, 16.139, 0.148, 0.494, 5.6, Sc, 1.24165, 0, 9.82271
NGC2554, 8.29819, 23.4721, 0.01365, 4039.91, 57.8125, 14.5428, 12.9814, 11.9941, 12.3069, 12.9895, 17.8368, 0.15896, -34.4559, 11.2663, -0.369742, 8.52794, 0.622136, 0, 6.126, 7.556, 9.742, 9.75, 0.29659, 5.02722e+42, 1.05572, 55.75, 13.386, 16.801, 0.246, 0.074, -0.1, S0-a, 2.04174, 0, 8.93129
NGC2592, 8.45224, 25.9703, 0.006544, 1950.56, 28.5902, 14.7439, 12.9924, 12.021, 12.3486, 11.1125, 11.2974, 0.438974, 27.6848, 10.4662, -1.97655, NaN, 0.006662, 0, 7.996, 9.094, 9.762, 9.716, 0.220106, 2.19644e+41, 0.0461253, 51.19, NaN, NaN, 0.255, 0, -4.8, E, 1.46555, 0, 7.32448
NGC2595, 8.46167, 21.479, 0.014298, 4228.83, 60.3674, 15.4243, 14.1612, 13.2489, 13.5445, 19.7122, 34.3357, 0.971658, 34.6384, 10.2941, 0.150309, NaN, NaN, 0, 5.903, 7.796, 10.887, 10.819, 0.383341, 6.73115e+42, 1.41354, 48.79, 12.852, 14.873, 0.172, 0.291, 5, SABc, 1.65959, 0, 9.45134
NGC2596, 8.45737, 17.2841, 0.019643, 5779.51, 81.91, 15.4099, 14.2822, 13.4698, 13.7385, 19.1747, 20.7671, 0.802005, -13.2532, 10.3201, 0.384977, NaN, NaN, 0, 5.979, 8.12, 11.423, 11.451, 0.123538, 1.15547e+43, 2.42648, 74.22, 13.141, 15.414, 0.177, 0.615, 3.1, Sb, 1.38357, 0, 9.68601
NGC2623, 8.64, 25.7545, 0.018318, 5396.65, 77.1514, 15.1721, 14.0342, 13.2944, 13.5828, 13.6459, 12.348, 0.572677, -13.4978, 10.6569, 0.741403, NaN, 3.59849, 0, 2.18, 5.539, 9.543, 10.152, 0, 1.16691e+44, 24.5052, 82.99, 9.847, 16.795, 0.178, 0, 2.7, Sb, 0.749894, 1, 10.0424
NGC2730, 9.03773, 16.8383, 0.0129, 3820.79, 54.4253, 15.552, 14.6433, 13.9241, 14.1959, 25.1035, 27.5024, 0.862106, -38.2306, 10.135, 0.232938, 8.44969, 0.540922, 0, 5.055, 6.901, 10.447, 10.563, 0, 3.85342e+42, 0.809218, 55.72, 13.209, 15.216, 0.118, 0, 8, Sd, 1.44544, 1, 9.53397
NGC2906, 9.53506, 8.4418, 0.007225, 2151.86, 30.4527, 14.8697, 13.3756, 12.4, 12.7342, 18.1341, 21.8896, 0.688919, 4.24504, 10.5882, -0.095445, 8.60414, 0.813703, 0, 4.434, 5.957, 8.834, 8.945, 0, 3.23848e+42, 0.68008, 54.9, 12.376, 15.68, 0.205, 0, 5.9, Sc, 1.35519, 1, 9.20558
NGC2916, 9.58267, 21.7052, 0.012266, 3635.2, 52.2865, 14.8448, 13.3732, 12.5695, 12.8532, 22.0316, 25.8185, 0.833713, 5.61182, 10.9637, 0.348118, 8.55027, 0.644416, 0, 4.46, 6.042, 9.017, 9.048, 0, 6.29344e+42, 1.32162, 50.72, 12.551, 14.32, 0.115, 0, 3.1, Sb, 2.40436, 1, 9.64915
NGC3300, 10.6107, 14.1711, 0.010121, 3005.83, 43.1841, 15.0274, 13.3364, 12.3805, 12.71, 14.009, 15.6072, 0.734273, 39.0431, 10.7427, -1.91954, NaN, 0, 0, 8.124, 9.88, 10.466, 10.334, 0.472397, 4.45381e+41, 0.09353, 76.14, NaN, NaN, 0.165, 0, -1.8, S0, 1.52757, 0, 7.38149
NGC3303, 10.6167, 18.1359, 0.020599, 6055.08, 86.4048, 15.5589, 14.0802, 13.02, 13.3507, 13.55, 14.5931, 0.857702, 41.7131, 11.1693, 0.414771, 8.52698, 1.42652, 0, 7.283, 8.152, 9.87, 9.837, 0, 1.33074e+42, 0.279455, 52.53, NaN, 16.29, 0.119, 0, 0.5, Sa, 1.09648, 1, 9.7158
NGC3687, 11.4668, 29.5111, 0.008298, 2468.9, 36.8602, 15.0971, 13.6954, 12.8322, 13.1214, 16.3235, 22.296, 0.675651, -3.04156, 10.5148, -0.333828, 8.53982, 0.322597, 0, 5.384, 6.788, 9.575, 9.552, 0, 1.23185e+42, 0.258689, 74.42, NaN, 15.079, 0.096, 0, 3.8, Sbc, 1.40281, 1, 8.9672
NGC3815, 11.6942, 24.8005, 0.012563, 3722.25, 54.2821, 15.1094, 13.9402, 13.0857, 13.3707, 15.8969, 17.511, 0.898343, -19.4375, 10.5287, 0.048626, 8.54739, 0.751805, 0, 5.093, 6.759, 10.005, 10.04, 0, 3.56135e+42, 0.747883, 62.24, NaN, 15.031, 0.129, 0, 2, Sab, 1.4388, 1, 9.34966
NGC4003, 11.9664, 23.1249, 0.021808, 6402.88, 92.0046, 15.8654, 14.2573, 13.2269, 13.562, 13.0659, 15.0498, 0.718877, -29.057, 11.1255, 0.251999, NaN, 2.09772, 0, 6.207, 8.062, 10.864, 10.863, 0.241279, 1.18169e+43, 2.48154, 65.25, NaN, NaN, 0.113, 0, -1.6, S0, 1.04232, 0, 9.55303
NGC4185, 12.2228, 28.511, 0.01289, 3817.86, 55.9925, 15.5577, 14.164, 13.2555, 13.5558, 27.2195, 28.0636, 0.660698, -15.44, 10.8586, 0.046862, 8.55707, 0.871104, 0, 5.033, 6.623, 9.41, 9.421, 0, 4.09584e+42, 0.860127, 48.84, NaN, 14.71, 0.092, 0, 3.7, SBbc, 1.85353, 1, 9.34789
NGC4211NED02, 12.2604, 28.1696, 0.022127, 6494.27, 93.6775, 16.6299, 15.3351, 14.3846, 14.7182, 19.3915, 44.3405, 0.959727, -35.0696, 10.532, 0.215622, 8.45808, 2.07132, 0, 4.728, 7.436, 10.016, 10.028, 0, 1.62941e+43, 3.42176, 60.43, NaN, 16.101, 0.099, 0, 0.1, S0-a, 1.02565, 1, 9.51665
NGC4470, 12.4938, 7.82426, 0.008156, 2427.07, 35.1359, 14.1297, 13.3104, 12.7614, 12.9482, 22.4538, 19.0833, 0.689035, -1.81383, 10.2314, -0.009193, 8.45952, 0.485046, 0, 4.425, 6.159, 9.737, 9.79, 0, 2.56323e+42, 0.538278, 51.01, 12.331, 15.247, 0.105, 0, 1.4, Sa, 1.28233, 1, 9.29184
NGC4816, 12.9367, 27.7455, 0.023041, 6756.51, 97.5103, 15.8681, 14.1312, 13.1776, 13.4746, 14.5779, 24.2895, 0.974584, 41.2438, 11.3528, -0.091663, NaN, 1.56022, 0, 8.576, 10.476, 11.024, 10.911, 0.167348, 1.49756e+42, 0.314488, 90, NaN, NaN, 0.038, 0, -3, E-S0, 1.38038, 0, 9.20937
NGC4841A, 12.9589, 28.4769, 0.022596, 6629.12, 95.7636, 15.4507, 13.7264, 12.7862, 13.0772, 14.4515, 23.1598, 0.982679, -37.9166, 11.4079, -0.738534, NaN, 0, 0, 8.628, 10.038, 10.596, 10.548, 0.127381, 1.37684e+42, 0.289137, 21.8, NaN, NaN, 0.047, 0, -4.1, E, 1.44544, 0, 8.5625
NGC4961, 13.0965, 27.7342, 0.008858, 2634.16, 39.4854, 14.7048, 13.9786, 13.451, 13.6348, 17.585, 17.2887, 0.833463, 25.1411, 9.9756, -0.164142, 8.41697, 0.392756, 0, 4.97, 6.661, 10.379, 10.495, 0, 1.8581e+42, 0.3902, 38.71, 12.907, 14.658, 0.049, 0, 5.6, SBc, 1.11429, 1, 9.13689
NGC5000, 13.1632, 28.907, 0.018637, 5488.78, 79.7736, 15.7605, 14.4584, 13.5544, 13.8285, 17.3879, 21.7386, 0.954434, -3.22505, 10.9429, 0.369073, 8.55061, 1.26745, 0, 4.841, 6.966, 10.112, 10.169, 0, 1.02104e+43, 2.14418, 38.43, 13.042, 15.806, 0.039, 0, 3.8, Sbc, 1.27938, 1, 9.6701
NGC5016, 13.2019, 24.095, 0.008694, 2585.83, 38.6139, 14.5871, 13.5641, 12.8313, 13.0574, 20.803, 20.6349, 0.686487, -20.8368, 10.4741, -0.00316, 8.55869, 0.710091, 0, 4.462, 6.094, 9.539, 9.568, 0, 3.01923e+42, 0.634038, 44.78, 12.657, 15.088, 0.057, 0, 4.4, SABb, 1.57398, 1, 9.29787
NGC5657, 14.5121, 29.1808, 0.012998, 3849.29, 56.9611, 15.4523, 14.2041, 13.2639, 13.5749, 13.6905, 13.5569, 0.765692, 20.2681, 10.4951, 0.211144, 8.48425, 1.30686, 0, 4.313, 6.524, 9.998, 10.073, 0, 8.07085e+42, 1.69488, 71.06, 12.695, 15.311, 0.08, 0, 3.1, Sb, 1.74985, 1, 9.51217
NGC5928, 15.4341, 18.0736, 0.014982, 4428.33, 64.6055, 15.1613, 13.4584, 12.4903, 12.806, 12.7308, 14.4924, 0.599662, 11.1005, 11.1095, -1.24606, NaN, 0.457884, 0, 8.635, 9.855, 10.351, 10.288, 0.199626, 6.2262e+41, 0.13075, 59.21, NaN, NaN, 0.231, 0, -2.1, S0, 1.64059, 0, 8.05497
NGC5953, 15.5757, 15.1937, 0.007211, 2147.71, 32.3207, 14.0837, 12.9536, 12.0595, 12.3128, 12.7156, 15.1544, 0.920961, -38.7695, 10.384, 0.449619, 8.4978, 1.71451, 0, 2.673, 4.844, 8.788, 8.954, 0, 9.30857e+42, 1.9548, 43.97, 10.567, 15.477, 0.211, 0, 0, S0-a, 1.47231, 1, 9.75065
NGC5954, 15.5764, 15.2001, 0.006509, 1939.96, 29.3951, 14.3443, 13.5179, 12.8379, 13.0425, 19.2714, 21.3284, 0.863227, 9.95327, 10.1744, 0.144751, 8.52961, 0.970103, 0, 3.374, 5.985, 10.451, 10.739, 1.21468, 1.63921e+43, 3.44234, 63.53, NaN, 15.389, 0.212, 0.57, 6, SABc, 1.02094, 0, 9.44578
NGC5957, 15.5898, 12.0476, 0.006047, 1803.27, 27.2686, 15.3383, 13.8284, 12.8978, 13.2071, 19.9649, 29.3734, 0.619975, 11.4649, 10.2013, -0.686479, 8.56502, 0.437918, 0, 7.038, 9.262, 11.158, 11.104, 0.259486, 4.82848e+41, 0.101398, 17.51, 13.149, 14.223, 0.188, 0.029, 3, Sb, 2.44343, 0, 8.61455
NGC5980, 15.6918, 15.7877, 0.013721, 4060.67, 59.3138, 14.5615, 13.5067, 12.5727, 12.8761, 17.7759, 18.6408, 0.909776, 11.2925, 10.8097, 0.705155, 8.57902, 1.34111, 0, 3.457, 5.34, 9.008, 9.16, 0, 1.97107e+43, 4.13925, 76.43, 11.657, 15.243, 0.15, 0, 4.4, Sbc, 1.63305, 1, 10.0062
NGC6004, 15.8396, 18.9393, 0.012739, 3773.61, 55.48, 15.2647, 14.0069, 13.1714, 13.4414, 21.4643, 26.9411, 0.892968, 10.1471, 10.8682, 0.209761, 8.57643, 0.807318, 0, 5.303, 7.027, 10.066, 10.074, 0, 3.11412e+42, 0.653966, 38.85, 12.804, 16.41, 0.175, 0, 4.9, Sc, 1.89234, 1, 9.51079
NGC6020, 15.9523, 22.4046, 0.014461, 4276.54, 62.7791, 15.2849, 13.5831, 12.5891, 12.915, 12.0122, 13.4705, 0.60406, -41.2339, 11.0468, -1.26014, NaN, 0.773251, 0, 8.56, 9.89, 10.46, 10.383, 0.100982, 6.29961e+41, 0.132292, 90, NaN, NaN, 0.282, 0, -4.8, E, 1.74181, 0, 8.04089
NGC6021, 15.9585, 15.9561, 0.015803, 4667.24, 67.8928, 15.5035, 13.7836, 12.6899, 13.057, 11.1812, 11.7867, 0.524147, -36.1562, 10.9766, -0.543839, NaN, 1.91497, 0, 7.495, 8.531, 9.723, 9.711, 0, 6.47467e+41, 0.135968, 90, NaN, NaN, 0.169, 0, -4.1, E, 1.54525, 1, 8.75719
NGC6027, 15.9868, 20.7633, 0.014764, 4364.88, 63.9299, 15.4375, 13.9507, 13.0152, 13.3312, 14.4808, 26.1977, 0.846852, 39.4232, 11.0166, 0.052081, NaN, 2.14431, 0, 6.594, 8.416, 10.638, 10.659, 0, 1.22959e+42, 0.258213, 67.09, NaN, NaN, 0.238, 0, -1.5, S0-a, 2.2751, 1, 9.35311
NGC6060, 16.0978, 21.4849, 0.014531, 4296.79, 63.0218, 15.1451, 13.828, 12.8547, 13.1457, 18.2594, 24.1347, 0.742365, 11.2295, 10.9851, 0.61654, 8.50122, 1.52927, 0, 3.995, 5.695, 8.979, 9.067, 0, 1.36318e+43, 2.86268, 59.48, 12.288, 13.883, 0.347, 0, 4.8, SABc, 1.89234, 1, 9.91757
NGC6063, 16.1203, 7.97902, 0.009478, 2816.63, 41.3217, 15.6404, 14.4003, 13.5717, 13.8414, 24.7713, 24.5255, 0.804412, -30.4161, 10.3627, -0.274346, 8.49362, 0.624043, 0, 5.745, 7.264, 10.282, 10.26, 0, 1.12659e+42, 0.236585, 60.24, NaN, 15.322, 0.201, 0, 5.9, Sc, 1.6293, 1, 9.02668
NGC6081, 16.2158, 9.86709, 0.016815, 4960.96, 71.6563, 15.6703, 13.9297, 12.7828, 13.1627, 12.4729, 14.1218, 0.670965, 37.8661, 11.0396, -0.326723, NaN, 1.59302, 0, 6.261, 7.965, 9.615, 9.594, 0, 2.28734e+42, 0.480342, 90, NaN, 16.636, 0.192, 0, -1.8, S0, 1.55239, 1, 8.97431
NGC6132, 16.3941, 11.7863, 0.01661, 4901.5, 70.9558, 15.3304, 14.3791, 13.6639, 13.9134, 16.9796, 17.9607, 0.873015, 40.2768, 10.4861, 0.301387, 8.43518, 0.765782, 0, 6.219, 8.167, 11.693, 11.693, 0.382085, 6.95119e+42, 1.45975, 79.87, 13.708, 15.391, 0.314, 0.546, 2, Sab, 1.28233, 0, 9.60242
NGC6168, 16.5226, 20.185, 0.008804, 2618.17, 39.3268, 15.4362, 14.5763, 13.8134, 14.0722, 19.7417, 21.1926, 0.985724, 19.5949, 9.93506, -0.065651, 8.39871, 1.08486, 0, 4.501, 6.519, 10.124, 10.282, 0, 2.78616e+42, 0.585094, 90, 12.481, 15.078, 0.274, 0, 8, Sd, 1.64816, 1, 9.23538
NGC6186, 16.5737, 21.5409, 0.010059, 2987.51, 44.6109, 15.0229, 13.6981, 12.7105, 13.0097, 14.9476, 19.6445, 0.690738, -18.4145, 10.6161, 0.298735, 8.58774, 1.58335, 0, 3.793, 5.845, 9.273, 9.357, 0, 7.37219e+42, 1.54816, 71.22, 11.902, 15.998, 0.202, 0, 1.1, Sa, 1.57036, 1, 9.59976
NGC6314, 17.2108, 23.27, 0.021906, 6430.89, 93.2188, 15.3312, 13.8185, 12.8709, 13.1648, 12.1201, 14.0318, 0.729136, -2.22995, 11.2094, 0.001493, 8.49377, 2.02858, 0, 5.603, 7.032, 9.505, 9.581, 0, 7.12322e+42, 1.49588, 65.67, 13.574, 16.6, 0.283, 0, 1.1, Sa, 1.37404, 1, 9.30252
NGC6427, 17.7274, 25.4938, 0.01088, 3228.93, 48.2322, 15.1261, 13.2703, 12.2249, 12.5468, 11.8245, 13.5569, 0.974653, 40.3707, 10.8116, -1.30553, NaN, 0.476546, 0, 8.481, 9.555, 10.092, 10.044, 0.466214, 3.99907e+41, 0.0839804, 90, NaN, NaN, 0.287, 0, -3, E-S0, 1.54525, 0, 7.9955
NGC6941, 20.6065, -4.61868, 0.020611, 6058.35, 85.6926, 15.796, 14.1653, 13.1678, 13.4896, 17.4027, 25.0829, 0.962993, 30.5397, 11.2179, 0.471159, 8.56356, 1.06929, 0, 7.094, 9.362, 11.219, 11.15, 0.0803022, 4.52867e+42, 0.95102, 48.08, 13.721, 15.26, 0.272, 0.241, 3.2, Sb, 1.72584, 0, 9.77219
NGC6945, 20.6502, -4.97254, 0.012488, 3700.2, 52.4436, 18.4274, 16.7293, 15.7387, 16.0598, 12.9021, 15.8164, 0.967749, 35.2039, 9.46817, -2.50654, NaN, 0.470652, 0, 8.072, 9.651, 10.277, 10.249, 0.0663878, 6.89079e+41, 0.144707, 66.2, NaN, NaN, 0.216, 0, -3.1, E-S0, 1.58489, 0, 6.79449
NGC6977, 20.8749, -5.74609, 0.020362, 5986.68, 84.5379, 15.5536, 13.9941, 13.0409, 13.3721, 15.8196, 19.509, 0.645416, 44.3124, 11.1641, 0.256943, 8.57804, 0.894706, 0, 7.533, 9.488, 11.258, 11.177, 0.339755, 2.94162e+42, 0.617741, 44.74, NaN, NaN, 0.345, 0.133, 1.3, Sa, 1.25314, 0, 9.55797
NGC7025, 21.1298, 16.3359, 0.016387, 4836.7, 69.8, 14.8667, 13.0988, 12.0781, 12.3915, 15.0087, 21.3284, 0.976184, -5.75099, 11.5007, 0.065017, 8.50839, 1.21921, 0, 7.143, 8.839, 9.824, 9.785, 0.243569, 2.87207e+42, 0.603134, 53.27, NaN, 16.763, 0.344, 0.168, 1, Sa, 2.01837, 0, 9.36605
NGC7194, 22.0586, 12.6367, 0.027129, 7923.67, 112.786, 15.4405, 13.7115, 12.7146, 13.0273, 11.4156, 12.9093, 0.962871, -0.7907, 11.5684, -0.462128, NaN, 1.40687, 0, 8.978, 9.901, 10.424, 10.389, 0.234441, 1.38355e+42, 0.290546, 82.47, NaN, NaN, 0.249, 0, -4.9, E, 1.30918, 0, 8.8389
NGC7311, 22.5685, 5.57036, 0.015185, 4487.22, 63.7513, 14.445, 12.7947, 11.8081, 12.1232, 12.2872, 13.935, 0.655268, 20.4094, 11.2808, 0.456422, 8.58007, 1.27953, 0, 5.841, 7.849, 9.641, 9.627, 0.130607, 7.94807e+42, 1.66909, 67.82, NaN, 15.793, 0.573, 0.397, 2, Sab, 1.47231, 0, 9.75745
NGC7321, 22.6078, 21.6218, 0.023715, 6949.55, 99.5089, 15.285, 13.847, 12.9252, 13.2287, 17.7234, 21.1812, 0.918551, -39.6853, 11.3026, 0.73739, 8.58119, 0.858338, 0, 6.017, 8.254, 10.89, 10.928, 0.208968, 1.64667e+43, 3.45802, 48.71, 13.166, 15.552, 0.2, 0.242, 3.1, SBb, 1.40605, 0, 10.0384
NGC7364, 22.7401, -0.162143, 0.016203, 4783.52, 67.4703, 14.5916, 13.3756, 12.5392, 12.8219, 12.8131, 13.935, 0.701373, -16.8425, 11.0791, 0.636723, 8.59172, 1.25951, 0, 4.338, 6.239, 9.909, 9.998, 0.273987, 3.55394e+43, 7.46327, 51.92, NaN, 15.206, 0.28, 0.08, 0.1, S0-a, 1.64816, 0, 9.93775
NGC7466, 23.0343, 27.0527, 0.024834, 7269.78, 104.25, 15.7786, 14.4445, 13.5269, 13.8371, 14.0105, 16.1646, 0.646794, 18.9567, 10.9895, 0.691606, 8.52591, 1.40692, 0, 5.326, 7.436, 11.028, 11.184, 0.242319, 3.41536e+43, 7.17225, 72.96, 13.045, 15.791, 0.224, 0.592, 3.1, Sb, 1.5417, 0, 9.99264
NGC7489, 23.1257, 22.9981, 0.020714, 6088.19, 87.3241, 14.8488, 13.9893, 13.2672, 13.535, 28.912, 37.044, 0.62752, 38.0602, 11.1828, 1.03966, 8.39799, 1.1565, 0, 5.75, 7.85, 11.685, 11.694, 0.843888, 1.62163e+43, 3.40543, 58.96, 12.828, 14.823, 0.994, 0.482, 6.4, Sc, 1.21619, 0, 10.3407
NGC7549, 23.2548, 19.0419, 0.015429, 4558.33, 65.4795, 14.7864, 13.7495, 12.9409, 13.2204, 18.824, 19.0833, 0.771358, 31.9166, 10.7798, 0.517225, 8.53675, 1.12156, 0, 5.025, 7.378, 11.146, 11.234, 1.76369, 1.77785e+43, 3.73348, 68.4, 12.307, 16.41, 0.633, 0.684, 5.9, Sc, 1.84927, 0, 9.81825
NGC7559B, 23.2629, 13.2902, 0.015102, 4463.2, 63.7461, 15.4722, 13.8793, 12.9459, 13.271, 14.6968, 17.9607, 0.924261, -23.1124, 10.6106, -0.93999, NaN, NaN, 0, 8.747, 10.34, 11.028, 10.949, 0.154, 5.46752e+41, 0.114818, 28.44, NaN, NaN, 0.229, 0, -3, E-S0, 1.28529, 0, 8.36104
NGC7562, 23.266, 6.6876, 0.012018, 3562.45, 50.5988, 14.367, 12.575, 11.5445, 11.8737, 13.2391, 16.1646, 0.476599, -30.1579, 11.3184, -1.14475, NaN, 0, 0, 7.761, 8.977, 9.375, 9.36, 0.259017, 8.54208e+41, 0.179384, 67.65, NaN, 15.861, 0.437, 0, -4.9, E, 2.17771, 0, 8.15628
NGC7563, 23.2655, 13.1961, 0.014341, 4241.51, 60.6165, 15.3887, 13.4932, 12.4407, 12.7622, 12.9267, 14.6867, 0.962113, 21.7642, 11.1311, -1.41602, NaN, 0, 0, 8.143, 9.586, 10.133, 10.053, 0.112409, 8.62315e+41, 0.181086, 58, NaN, 16.83, 0.239, 0.202, 1, Sa, 1.53109, 0, 7.88501
NGC7591, 23.3045, 6.58584, 0.016338, 4822.62, 68.3291, 15.0964, 13.7522, 12.7312, 13.0503, 15.4814, 17.2794, 0.692065, 2.68133, 10.9568, 0.910666, 8.55843, 1.97729, 0, 2.81, 5.768, 9.845, 10.148, 0.20939, 1.489e+44, 31.269, 66.91, 10.947, 14.214, 0.448, 0.528, 3.6, SBbc, 1.60694, 0, 10.2117
NGC7608, 23.3209, 8.35016, 0.011579, 3433.93, 48.889, 15.7241, 14.7709, 13.8135, 14.1578, 18.1432, 19.2057, 0.972493, 19.3938, 10.1901, -0.218264, 8.54836, 1.24003, 0, 6.698, 8.671, 12.03, 12.101, 0.760371, 2.12278e+42, 0.445784, 81.73, NaN, 16.216, 0.308, 0.828, 3.7, Sbc, 1.43219, 0, 9.08277
NGC7625, 23.3417, 17.2257, 0.00557, 1661.74, 24.5355, 13.8586, 12.9299, 12.1506, 12.384, 16.1622, 18.3942, 0.758028, 38.4076, 10.2253, 0.237092, 8.56146, 1.58764, 0, 2.575, 4.964, 9.392, 9.689, 1.15024, 2.38383e+43, 5.00604, 14.98, 10.68, 14.645, 0.108, 0.013, 1, Sa, 1.47571, 0, 9.53812
NGC7631, 23.3574, 8.21763, 0.012445, 3687.64, 52.4423, 15.233, 13.8332, 12.8938, 13.2054, 16.6708, 18.6408, 0.871547, -10.5551, 10.7744, -0.000899, 8.54624, 0.8709, 0, 6.444, 8.59, 11.112, 11.117, 0.196355, 3.08637e+42, 0.648137, 67.7, NaN, 15.971, 0.315, 0.501, 3.1, Sb, 1.86209, 0, 9.30013
NGC7653, 23.4137, 15.2756, 0.014169, 4191.4, 60.011, 14.7444, 13.5718, 12.7479, 13.0368, 14.8101, 18.9516, 0.333791, 2.94969, 10.8202, 0.464326, 8.55884, 0.797092, 0, 5.611, 7.626, 10.611, 10.629, 0.120195, 8.70454e+42, 1.82795, 31.01, 12.524, 16.044, 0.29, 0.094, 3.1, Sb, 1.61808, 0, 9.76536
NGC7683, 23.4844, 11.4453, 0.012269, 3636.11, 51.905, 15.1308, 13.2794, 12.1952, 12.5268, 12.385, 14.0318, 0.62021, -36.9769, 11.0157, -0.733648, NaN, 1.88133, 0, 7.806, 9.243, 10.118, 10.062, 1.39192, 8.62387e+41, 0.181101, 84.69, NaN, NaN, 0.318, 0, -1.9, S0, 1.96789, 0, 8.56738
NGC7684, 23.5089, 0.081102, 0.017263, 5091.05, 71.5904, 15.1054, 13.4441, 12.4666, 12.7746, 15.7014, 53.098, 0.983559, -37.9443, 11.08, -0.172765, NaN, 0, 0, 8.846, 9.723, 10.436, 10.416, 0.254229, 6.29497e+41, 0.132194, 90, NaN, NaN, 0.2, 0.149, -0.1, S0-a, 1.57761, 0, 9.12826
NGC7716, 23.6087, 0.297322, 0.00861, 2561.07, 35.9427, 14.9537, 13.3345, 12.3417, 12.6868, 13.9085, 20.4659, 0.484147, 40.6209, 10.6556, -0.171819, 8.49811, 0.619925, 0, 7.036, 8.854, 10.292, 10.277, 0.240774, 8.40435e+41, 0.176491, 48.37, 13.261, 14.582, 0.149, 0.235, 3, Sb, 1.83231, 0, 9.12921
NGC7738, 23.7339, 0.516623, 0.022346, 6557.3, 92.2062, 15.7717, 14.2275, 13.1241, 13.4781, 14.9799, 19.509, 0.766918, 42.2423, 11.2131, 1.17933, 8.56145, 3.04766, 0, 3.247, 5.917, 9.407, 9.572, 0, 6.49622e+43, 13.6421, 63.56, 11.525, 16.96, 0.116, 0, 3, Sb, 1.18577, 1, 10.4804
NGC7783NED01, 23.9028, 0.382826, 0.026075, 7623.58, 107.165, 15.4368, 13.7364, 12.7597, 13.0651, 26.6582, 21.3284, 0.951969, 26.8046, 10.9953, -0.375843, NaN, 0, 0, 8.354, 9.908, 10.506, 10.371, 0.41881, 2.21918e+42, 0.466028, 90, NaN, NaN, 0.186, 0, -1.8, S0, 1.5417, 0, 8.92519
NGC7800, 23.9935, 14.8072, 0.006385, 1903.22, 27.5863, 14.5546, 13.9253, 13.5702, 13.6725, 21.4989, 23.7246, 0.867165, -38.4567, 9.67347, -0.28981, 8.29218, 0.460297, 0, 6.568, 9.273, 12.768, 12.91, 1.07663, 7.61853e+41, 0.159989, 90, 12.781, 13.952, 0.18, 0.71, 9.8, I, 1.74181, 0, 9.01122
UGC00005, 0.051579, -1.91369, 0.024381, 7140.1, 100.151, 15.2483, 14.1196, 13.2596, 13.5485, 20.1891, 18.9516, 0.8233, -31.392, 11.1682, 0.867999, 8.57695, 1.30643, 0, 5.469, 7.779, 11.436, 11.477, 0.712186, 2.76307e+43, 5.80245, 65.92, 13.029, 15.59, 0.173, 0.531, 3.9, Sbc, 1.39316, 0, 10.169
UGC00036, 0.087191, 6.77204, 0.02079, 6109.99, 86.2459, 15.6651, 14.1536, 13.1568, 13.476, 13.4149, 12.9093, 0.59795, 6.63936, 11.0682, 0.186204, 8.53609, 1.33883, 0, 6.323, 8.29, 10.779, 10.753, 0.219215, 9.3317e+42, 1.95966, 72.21, NaN, 16.818, 0.226, 0.301, 1, Sa, 1.47911, 0, 9.48723
UGC00312, 0.523312, 8.4668, 0.014358, 4246.56, 59.9981, 15.0351, 14.3902, 13.8578, 14.0286, 18.8614, 23.7246, 0.965142, 21.3139, 10.352, 0.642455, 8.29902, 0.545968, 0, 5.398, 8.077, 12.054, 12.218, 0.859284, 1.05866e+43, 2.22319, 78.92, NaN, 14.666, 0.163, 0.63, 8, SBd, 1.48936, 0, 9.94348
UGC00335NED02, 0.565923, 7.26834, 0.018173, 5354.55, 75.5069, 16.0232, 14.4698, 13.5144, 13.8337, 12.5727, 16.2769, 0.984463, -35.0857, 10.8238, -0.857563, NaN, 0.939106, 0, 8.235, 10.598, 11.531, 11.431, 0.147256, 1.2293e+42, 0.258152, 90, NaN, NaN, 0.154, 0, -2, S0, 1.49279, 0, 8.44347
UGC01057, 1.48146, 13.7938, 0.020875, 6134.41, 86.721, 15.727, 14.7053, 13.9702, 14.2183, 15.7037, 15.0498, 0.936644, -28.7922, 10.63, 0.373974, 8.44181, 0.715913, 0, 6.59, 8.634, 11.929, 11.937, 0.363354, 7.3779e+42, 1.54936, 76.96, NaN, 15.531, 0.21, 0.774, 4, Sbc, 1.27644, 0, 9.675
UGC01062, 1.48321, -0.561957, 0.018191, 5359.89, 74.7883, 15.2568, 13.7064, 12.8415, 13.1067, 11.2527, 11.7867, 0.740701, -32.4984, 11.073, -0.345312, NaN, 3.24883, 0, 8.357, 9.985, 10.679, 10.657, 0.16765, 1.07783e+42, 0.226345, 90, NaN, NaN, 0.126, 0, -1.4, S0-a, 1.48936, 0, 8.95572
UGC01123, 1.56888, -1.03225, 0.016273, 4803.86, 66.9032, 15.5197, 14.0676, 13.1287, 13.4417, 11.9961, 11.8623, 0.982512, -11.127, 10.7881, -0.561116, NaN, 0.975306, 0, 8.448, 9.711, 11.038, 11.006, 0.12489, 7.9319e+41, 0.16657, 90, NaN, NaN, 0.152, 0.619, 2, Sab, 1.22744, 0, 8.73991
UGC01368, 1.90364, 7.88364, 0.026562, 7762.51, 109.132, 16.0829, 14.7746, 13.8077, 14.0973, 14.4948, 15.0498, 0.934064, -40.8882, 10.9818, 0.333362, NaN, 1.79777, 0, 7.181, 9.059, 11.673, 11.672, 0.201701, 6.77941e+42, 1.42368, 75.35, NaN, NaN, 0.251, 0.488, 2, Sab, 1.3366, 0, 9.63439
UGC01659, 2.16578, 16.033, 0.027546, 8042.33, 113.604, 15.9226, 14.7766, 13.9463, 14.2263, 22.5139, 21.1812, 0.860268, 29.9463, 11.017, 0.51634, 8.47866, 0.819637, 0, 8.014, 9.807, 12.73, 12.737, 1.79134, 3.41095e+42, 0.716299, 69.36, NaN, 16.623, 0.296, 0.714, 6, SBc, 1.39637, 0, 9.81737
UGC01749, 2.27065, 18.3114, 0.026778, 7823.87, 110.671, 16.2814, 14.9401, 13.9007, 14.2353, 12.0698, 13.3776, 0.821254, -43.6092, 10.9472, 0.035609, 8.5216, 1.25267, 0, 8.484, 9.689, 11.649, 11.605, 1.57866, 2.09966e+42, 0.440928, 90, NaN, 16.493, 0.547, 0.617, 2, Sab, 1.2331, 0, 9.33664
UGC01938, 2.47279, 23.215, 0.021083, 6194.33, 88.0322, 15.7461, 14.7515, 13.9229, 14.1971, 14.6319, 15.1544, 0.968916, -24.213, 10.6539, 0.373047, 8.45163, 0.891953, 0, 6.4, 8.403, 11.617, 11.626, 1.58367, 9.05663e+42, 1.90189, 82.04, NaN, 15.928, 0.601, 0.88, 4, Sbc, 1.17761, 0, 9.67408
UGC02018, 2.54449, 0.260117, 0.020406, 5999.26, 83.6237, 15.5923, 14.0584, 13.1431, 13.4457, 12.0555, 12.348, 0.607928, -12.5312, 11.0207, -1.03929, NaN, 0.670277, 0, 8.815, 10.46, 11.076, 11.017, 0.221108, 8.83776e+41, 0.185593, 90, NaN, NaN, 0.121, 0, -0.9, S0-a, 1.44877, 0, 8.26174
UGC02099, 2.62028, 21.5676, 0.027369, 7991.91, 113.208, 15.6582, 14.2755, 13.3171, 13.6176, 12.7371, 16.1646, 0.476474, -44.5306, 11.2915, -0.118958, 8.4228, 0.657578, 0, 8.466, 9.978, 11.314, 11.259, 0.273329, 2.23375e+42, 0.469088, 90, NaN, 16.733, 0.642, 0, -1.9, S0, 1.16681, 0, 9.18207
UGC02134, 2.64771, 27.8477, 0.015298, 4520.33, 64.752, 15.2003, 14.0044, 13.1056, 13.3938, 18.5958, 21.8896, 0.860627, 21.4062, 10.9234, 0.433377, 8.5628, 1.15108, 0, 5.815, 7.734, 11.095, 11.154, 1.81849, 8.39828e+42, 1.76364, 71.84, 12.777, 15.225, 0.743, 0.571, 3.1, Sb, 1.60694, 0, 9.73441
UGC02229, 2.75766, 0.914363, 0.024478, 7167.99, 100.093, 15.9455, 14.3888, 13.3676, 13.6981, 14.4755, 19.0833, 0.945756, 43.2368, 11.1523, -0.17942, NaN, 1.39233, 0, 7.003, 8.445, 10.567, 10.577, 0.694402, 6.71878e+42, 1.41094, 68.47, NaN, NaN, 0.155, 0.232, 0.7, Sa, 1.33352, 0, 9.12161
UGC02311, 2.82443, -0.872969, 0.023724, 6952.22, 96.9164, 15.1034, 13.9444, 13.193, 13.4562, 14.4674, 17.3994, 0.80613, 41.9199, 11.0919, 0.458426, 8.53937, 0.655875, 0, 5.808, 8.162, 11.25, 11.255, 0.13301, 1.89356e+43, 3.97647, 51.23, NaN, 15.228, 0.236, 0.27, 3.1, Sb, 1.34276, 0, 9.75946
UGC02319, 2.83155, -1.00364, 0.023435, 6869.62, 95.7427, 16.1812, 15.1458, 14.2646, 14.5525, 15.9271, 15.6072, 0.973832, -44.3815, 10.625, 0.135079, 8.50481, 1.03985, 0, 7.082, 9.157, 12.377, 12.417, 0.543629, 5.71604e+42, 1.20037, 80.72, NaN, NaN, 0.314, 1.057, 5.9, Sc, 1.25314, 0, 9.43611
UGC02443, 2.97263, -2.04153, 0.008469, 2519.43, 34.3767, 15.191, 14.3963, 13.7725, 13.9831, 24.2654, 20.9003, 0.78393, -22.6036, 9.99122, -0.474892, 8.50668, 0.356985, 0, 7.05, 9.399, 12.855, 12.836, 1.09957, 7.58946e+41, 0.159379, 62.37, NaN, 16.847, 0.403, 0.539, 5.8, Sc, 1.30617, 0, 8.82614
UGC02628, 3.27551, -0.468207, 0.022585, 6625.91, 92.2803, 15.9695, 14.9135, 14.0013, 14.322, 16.502, 18.522, 0.814596, -32.906, 10.6977, 0.297586, 8.48957, 0.922228, 0, 6.977, 8.938, 11.954, 11.875, 0.323523, 5.84927e+42, 1.22835, 84.47, NaN, NaN, 0.309, 0.923, 4, SBbc, 1.53815, 0, 9.59862
UGC03960, 7.67298, 23.2749, 0.00746, 2221.29, 32.0673, 15.598, 14.2139, 13.3882, 13.6771, 13.0086, 15.2596, 0.267919, -29.0984, 9.95214, -1.93037, NaN, 1.0517, 0, 8.243, 11.473, 11.788, 11.721, 0.17056, 2.20094e+41, 0.0462197, 72.17, NaN, NaN, 0.202, 0, -4.8, E, 1.26183, 0, 7.37066
UGC03969, 7.68732, 27.614, 0.027025, 7894.12, 112.274, 16.4989, 15.2568, 14.1932, 14.5442, 14.6509, 15.0498, 0.983535, 44.3103, 10.7357, 0.551919, 8.49977, 1.64985, 0, 5.508, 7.117, 10.518, 10.7, 0, 1.18592e+43, 2.49042, 79.97, 13.494, 16.156, 0.222, 0, 5.9, Sc, 1.26765, 1, 9.85295
UGC04054, 7.8489, 23.896, 0.006742, 2009.2, 29.1549, 15.5072, 14.7818, 14.0709, 14.3262, 17.5857, 19.7705, 0.961473, -6.73097, 9.49332, -0.697185, 8.37742, 0.838972, 0, 7.439, 9.433, 12.528, 12.492, 0.568422, 3.81511e+41, 0.0801172, 90, NaN, 15.744, 0.312, 0.836, 3.1, Sb, 1.78238, 0, 8.60384
UGC04145, 7.99448, 15.3868, 0.015298, 4520.36, 63.9433, 15.4885, 14.3074, 13.3266, 13.661, 12.5473, 13.5569, 0.981918, -6.79808, 10.113, 2.43141, NaN, 12.1529, 0, 2.808, 5.357, 9.124, 9.804, 0.359627, 1.30639e+44, 27.4343, 68.4, 11.791, 16.497, 0.15, 0.263, 0.9, Sa, 1.45211, 0, 11.7324
UGC04197, 8.05709, 10.0505, 0.015035, 4443.76, 62.4927, 15.8621, 14.4972, 13.4624, 13.8136, 20.5535, 30.5031, 0.576996, 21.6205, 10.6079, -0.02584, 8.51773, 1.44788, 0, 7.024, 9.051, 11.23, 11.216, 0.45981, 2.56887e+42, 0.539463, 90, NaN, 16.231, 0.107, 0.991, 3.1, Sb, 1.72187, 0, 9.27519
UGC04240, 8.13503, 14.8377, 0.028864, 8416.37, 118.806, 16.7417, 15.0488, 14.1086, 14.4156, 15.2748, 14.6867, 0.890296, 1.24359, 10.5158, 0.497176, NaN, NaN, 0, 6.506, 8.153, 11.117, 11.208, 0.260154, 1.49609e+43, 3.14178, 81.2, NaN, 15.919, 0.141, 0.863, 4, Sbc, 1.25603, 0, 9.79821
UGC04245, 8.14606, 18.1942, 0.017327, 5109.62, 72.4743, 15.6968, 14.5564, 13.652, 13.9453, 15.0231, 15.6072, 0.933007, 14.4816, 10.6481, 0.2412, 8.52575, 0.974605, 0, 6.329, 8.305, 11.53, 11.557, 0.30093, 6.55318e+42, 1.37617, 78.6, 13.529, 14.985, 0.184, 0.692, 3.1, SBb, 1.41579, 0, 9.54223
UGC04375, 8.38646, 22.6646, 0.006728, 2005.02, 29.1136, 15.3819, 14.0708, 13.2392, 13.4883, 26.0648, 29.3734, 0.43601, -25.2416, 10.4473, -0.528666, 8.55485, 0.428217, 0, 7.938, 10.161, 12.107, 11.995, 0.516836, 2.40256e+41, 0.0504538, 51.89, NaN, 18.355, 0.196, 0.339, 5.3, SABc, 1.69824, 0, 8.77236
UGC04425, 8.47067, 28.0573, 0.019672, 5787.64, 82.7807, 16.0304, 14.9972, 14.2813, 14.5044, 14.5057, 17.9607, 0.783676, -44.6802, 9.98577, 0.691361, NaN, NaN, 0, 5.236, 8.064, 12.068, 12.216, 0.257004, 2.3396e+43, 4.91316, 85.77, NaN, 16.226, 0.15, 0.655, 2.4, Sab, 1.34586, 0, 9.99239
UGC04455, 8.5258, -1.19782, 0.031021, 9026.41, 126.337, 16.3411, 14.9038, 13.9028, 14.1697, 16.3327, 18.5138, 0.818909, -6.68355, 11.1039, 0.127117, 8.57714, 0.69634, 0, 7.925, 10.609, 12.216, 12.093, 0.680421, 4.57876e+42, 0.96154, 40.01, NaN, NaN, 0.147, 0.094, 1, Sa, 0.831764, 0, 9.42815
UGC04722, 9.00656, 25.6117, 0.00608, 1813, 26.7489, 15.9208, 15.3467, 15.0353, 15.1596, 18.7197, 22.4509, 0.987508, 30.3561, 8.81094, -1.03558, NaN, 0.338761, 0, 8.407, 12.056, 14.878, 14.938, 8.48431, 1.31672e+41, 0.0276512, 90, NaN, 15.005, 0.171, 1.383, 7.9, Sd, 1.45546, 0, 8.26545
UGC05108, 9.59064, 29.8126, 0.02711, 7918.38, 113.157, 15.8393, 14.4142, 13.4437, 13.775, 13.059, 12.8202, 0.507322, 4.78499, 11.1071, 0.662624, 8.5045, 1.95862, 0, 4.774, 7.15, 10.267, 10.364, 0, 2.33211e+43, 4.89742, 74.42, 12.925, 15.244, 0.075, 0, 2, SBab, 1.09396, 1, 9.96365
UGC05358, 9.97978, 11.3885, 0.009862, 2929.58, 41.7372, 16.0884, 15.4612, 14.8065, 15.0249, 19.6497, 21.8896, 0.911447, 8.32745, 9.56952, -0.49737, 8.35111, 0.7094, 0, 8.39, 10.497, 13.832, 13.989, 0.466601, 3.25634e+41, 0.0683832, 77.82, NaN, 15.661, 0.154, 0.676, 3.1, Sb, 1.3213, 0, 8.80366
UGC05359, 9.98101, 19.215, 0.028147, 8212.8, 116.694, 16.2951, 14.9792, 14.0905, 14.3937, 15.9688, 16.8382, 0.875162, 0.36097, 10.8584, 0.298677, 8.47075, 1.01574, 0, 6.185, 7.898, 10.902, 11.034, 0, 6.88341e+42, 1.44552, 72.04, NaN, NaN, 0.103, 0, 3.9, SABb, 1.55597, 1, 9.59971
UGC05377, 10.0088, 3.20515, 0.007105, 2116.36, 29.7129, 15.9372, 15.2152, 14.5868, 14.8245, 29.6856, 24.1347, 0.6352, -28.5049, 9.3617, -0.81681, 8.31756, 0.428491, 0, 8.269, 11.132, 14.104, 14.165, 0.605638, 1.84491e+41, 0.0387431, 46.79, NaN, 15.671, 0.106, 0.23, 8, SABd, 0.645654, 0, 8.48422
UGC05396, 10.0279, 10.7564, 0.017978, 5298.27, 75.068, 15.9542, 14.8301, 14.0493, 14.2857, 19.8254, 19.509, 0.965679, -27.6071, 10.5906, 0.017144, 8.45101, 0.873533, 0, 7.298, 9.558, 12.578, 12.551, 0.346685, 2.88001e+42, 0.604802, 69.93, NaN, 15.641, 0.133, 0.722, 5.8, Sc, 1.46555, 0, 9.31817
UGC05498NED01, 10.201, 23.0855, 0.020913, 6145.3, 87.895, 16.2682, 14.7147, 13.6174, 13.9835, 13.3443, 13.5569, 0.947209, -30.8165, 10.7617, -0.043887, 8.43621, 1.21023, 0, 6.049, 7.611, 10.033, 10.233, 0, 4.3272e+42, 0.908713, 90, 13.686, NaN, 0.114, 0, 1, Sa, 1.56675, 1, 9.25714
UGC05598, 10.3706, 20.5894, 0.018828, 5543.93, 79.3031, 16.1088, 14.993, 14.1507, 14.4416, 16.0473, 16.722, 0.957148, 36.3362, 10.4024, 0.147394, 8.45063, 1.12403, 0, 5.728, 7.373, 10.87, 10.957, 0, 4.54809e+42, 0.955098, 79, 13.785, 15.74, 0.114, 0, 3.8, Sbc, 1.26765, 1, 9.44842
UGC06312, 11.3001, 7.84484, 0.020994, 6168.64, 87.4923, 15.9002, 14.4008, 13.313, 13.6921, 13.1486, 14.5931, 0.807472, -44.4901, 10.9298, 0.019495, NaN, 1.96143, 0, 6.568, 7.903, 10.186, 10.188, 0, 2.58395e+42, 0.54263, 73.47, NaN, 15.508, 0.182, 0, 0.9, Sa, 1.18032, 1, 9.32052
UGC06320, 11.3048, 18.8471, 0.009252, 2750.19, 40.0986, 14.5828, 13.9046, 13.5529, 13.655, 17.9439, 17.2794, 0.678067, 16.31, 9.2108, 0.178562, NaN, NaN, 0, 4.944, 8.104, 12.324, 12.536, 1.72981, 7.18361e+42, 1.50856, 21.98, NaN, 15.915, 0.097, 0.049, 8, Sd, 1.34586, 0, 9.47959
UGC07012, 12.0342, 29.848, 0.010425, 3095.3, 45.8473, 15.2357, 14.5235, 14.0172, 14.1809, 15.9099, 16.722, 0.890387, 14.5463, 9.90473, -0.102949, 8.39578, 0.410598, 0, 5.961, 7.734, 11.251, 11.357, 0, 1.09284e+42, 0.229497, 59.4, NaN, 14.953, 0.092, 0, 5.7, SBc, 1.08143, 1, 9.19808
UGC08322, 13.2503, 12.7252, 0.025402, 7431.88, 106.157, 15.7309, 14.1449, 13.1023, 13.4623, 11.2109, 11.2255, 0.899454, 29.484, 11.2226, -0.127401, 8.53113, 0.963953, 0, 7.389, 9.023, 10.795, 10.769, 0.228015, 5.29637e+42, 1.11224, 90, NaN, 17.881, 0.101, 0.501, 1, Sa, 1.13501, 0, 9.17363
UGC08781, 13.873, 21.5393, 0.025127, 7353.29, 105.754, 15.8411, 14.2464, 13.2976, 13.6022, 13.6157, 17.8368, 0.68812, -19.7672, 11.2777, 0.289893, 8.53334, 1.01265, 0, 8.1, 10.015, 11.258, 11.158, 0.149025, 2.73074e+42, 0.573456, 57.13, NaN, 17.05, 0.13, 0.343, 3.1, Sb, 1.58855, 0, 9.59092
UGC09067, 14.1793, 15.2095, 0.026337, 7698.4, 110.281, 15.5297, 14.486, 13.6664, 13.9503, 16.0053, 16.3813, 0.888029, 14.1346, 10.9648, 0.701459, 8.53602, 1.02274, 0, 5.514, 7.13, 10.591, 10.691, 0, 1.10301e+43, 2.31632, 69.45, 13.32, 16.339, 0.073, 0, 2, Sab, 0.812831, 1, 10.0025
UGC09777, 15.2375, 20.4786, 0.015789, 4663.12, 68.0341, 15.6445, 14.5092, 13.6125, 13.9025, 13.2455, 13.5569, 0.790916, 37.5053, 10.4694, 0.191313, 8.50361, 1.07168, 0, 5.465, 7.601, 11.187, 11.251, 0.134565, 1.27978e+43, 2.68755, 68.23, 13.462, 15.279, 0.203, 0.402, 2, Sab, 0.933254, 0, 9.49234
UGC09919, 15.5944, 12.6065, 0.010741, 3188.16, 46.8111, 15.8575, 15.2666, 14.4279, 14.7361, 17.9505, 20.7671, 0.981724, -9.82373, 9.74179, -0.328031, 8.39902, 1.04075, 0, 5.859, 7.821, 11.053, 11.187, 0, 1.36013e+42, 0.285628, 90, 14.1, 15.883, 0.192, 0, 5.8, Sc, 1.47571, 1, 8.973
UGC10043, 15.8115, 21.8698, 0.007365, 2193.39, 33.3956, 16.1808, 15.0795, 13.9704, 14.3615, 17.715, 17.3994, 0.930447, -28.7955, 9.68287, -0.621681, 8.40129, 1.29896, 0, 4.909, 6.436, 9.837, 10.038, 0, 1.41361e+42, 0.296859, 90, 12.703, 14.419, 0.247, 0, 4.2, Sbc, 2.19786, 1, 8.67935
UGC10117, 15.99, 21.6035, 0.017797, 5245.74, 76.3861, 15.9539, 14.5082, 13.4407, 13.8208, 13.6651, 18.6408, 0.855231, 9.53674, 10.5804, -0.289067, NaN, 1.17045, 0, 6.483, 8.108, 10.942, 11.006, 0.399375, 6.31702e+42, 1.32657, 82.74, 14.219, NaN, 0.338, 0.565, 2, Sab, 0.986279, 0, 9.01196
UGC10337, 16.3246, 7.27872, 0.029395, 8566.72, 122.275, 15.9602, 14.6045, 13.6215, 13.9355, 20.74, 34.4572, 0.848983, -37.6044, 11.0491, 0.655455, 8.50581, 1.23336, 0, 7.104, 9.354, 11.766, 11.208, 0.233398, 9.13611e+42, 1.91858, 80.41, NaN, 16.325, 0.335, 0.716, 3.1, Sb, 1.2106, 0, 9.95648
UGC10380, 16.4305, 16.576, 0.029086, 8479.22, 121.653, 15.9673, 14.6963, 13.6292, 13.9824, 24.3147, 54.2277, 0.945727, -28.7496, 10.9209, 0.678506, 8.52492, 1.71551, 0, 6.429, 7.995, 10.496, 10.572, 0, 4.45023e+42, 0.934548, 90, NaN, 16.021, 0.23, 0, 3, Sb, 1.54525, 1, 9.97954
UGC10384, 16.4463, 11.5803, 0.016697, 4926.83, 71.3018, 15.8826, 14.7645, 13.7756, 14.0983, 13.981, 14.6867, 0.808772, 22.6803, 10.3338, 0.650126, 8.50192, 1.50994, 0, 4.166, 6.052, 10.028, 10.257, 0, 1.49909e+43, 3.1481, 90, 12.141, 15.208, 0.253, 0, 1.6, Sab, 1.16681, 1, 9.95116
UGC10388, 16.4508, 16.3822, 0.015425, 4557.31, 66.4039, 15.7838, 14.2668, 13.2904, 13.627, 12.1102, 13.3776, 0.958184, -21.4885, 10.7176, -0.537957, 8.45477, 1.34521, 0, 8.924, 10.34, 11.335, 11.308, 0.152234, 5.04046e+41, 0.10585, 90, NaN, 16.611, 0.257, 0.419, 1, Sa, 1.56315, 0, 8.76307
UGC10650, 17.0041, 23.107, 0.010667, 3166.27, 47.2289, 15.5219, 15.2309, 14.7922, 14.9095, 19.1488, 29.3734, 0.863899, 20.9044, 9.5395, -0.246672, 8.36321, 0.435028, 0, 6.583, 9.304, 13.322, 13.572, 0.467895, 2.20242e+42, 0.462508, 90, NaN, 16.091, 0.319, 1.292, 9.9, I, 1.24451, 0, 9.05436
UGC10799, 17.3151, 29.856, 0.02762, 8063.29, 116.567, 21.2223, 19.9338, 19.758, 19.7928, 10.5698, 9.60283, 0.817204, -6.6568, 8.06519, 0.147051, NaN, NaN, 0, 7.34, 9.455, 12.647, 12.708, 5.6984, 6.68085e+42, 1.40298, 90, NaN, 18.199, 0.164, 1.593, 5.9, Sc, 1.08393, 0, 9.44808
UGC10905, 17.5685, 25.3438, 0.025752, 7531.61, 108.831, 15.5683, 13.8635, 12.8355, 13.1417, 11.5362, 13.4705, 0.563058, 0.839625, 11.451, 0.61355, NaN, 3.31794, 0, 7.149, 8.652, 10.377, 10.376, 0.58098, 6.94369e+42, 1.45818, 68.36, NaN, NaN, 0.309, 0.105, -0.1, S0-a, 1.53109, 0, 9.91458
UGC10972, 17.7728, 26.5437, 0.015395, 4548.43, 66.8724, 15.5988, 14.3947, 13.5934, 13.8562, 22.8789, 38.9762, 0.791782, -18.7803, 10.655, 0.171187, 8.44906, 0.744437, 0, 8.038, 9.835, 11.966, 12.045, 0.544978, 1.15605e+42, 0.242771, 80.08, NaN, 15.26, 0.288, 1.037, 5.9, Sc, 2.08449, 0, 9.47222
UGC11649, 20.9243, -1.22523, 0.012574, 3725.38, 52.9979, 15.6246, 14.0931, 13.1673, 13.4691, 16.7328, 22.8534, 0.775432, 20.8344, 10.7586, -0.349613, 8.5509, 0.616379, 0, 8.426, 10.268, 11.394, 11.234, 0.0816497, 5.07926e+41, 0.106664, 45.58, NaN, 15.17, 0.506, 0.122, 1, SBa, 1.44544, 0, 8.95142
UGC11680NED02, 21.1294, 3.87786, 0.026462, 7734.02, 109.764, 15.3064, 14.5427, 13.7581, 14.0418, 9.24374, 5.57399, 0.530315, -13.0614, 10.8337, 0.804637, 8.51825, 1.0959, 0, 3.892, 6.636, 10.716, 11.146, 0.235371, 1.41843e+44, 29.7869, 0, 11.978, NaN, 0.362, 0, -3.2, E-S0, 0.688652, 0, 10.1057
UGC11717, 21.3098, 19.719, 0.020884, 6137.11, 88.288, 15.4846, 14.1797, 13.164, 13.4933, 31.7038, 52.1983, 0.774086, -7.55266, 11.1657, 0.764242, 8.57647, 1.89758, 0, 4.335, 6.817, 9.671, 10.364, 1.08558, 6.1022e+43, 12.8146, 72.51, 13.907, NaN, 0.369, 0.657, 3.8, Sbc, 1.21339, 0, 10.0653
UGC11792, 21.7035, 5.61534, 0.016015, 4728.84, 67.4051, 16.0757, 14.9828, 13.9397, 14.2748, 17.6822, 22.296, 0.983035, -23.4262, 10.3462, 0.264919, 8.47759, 1.97683, 0, 6.218, 8.201, 11.566, 11.617, 0.924305, 6.27869e+42, 1.31853, 90, NaN, 15.983, 0.605, 1.246, 5.8, Sc, 1.35831, 0, 9.56595
UGC11958, 22.2464, 13.8409, 0.02618, 7653.6, 109.011, 16.2016, 14.4188, 13.372, 13.6975, 18.5469, 36.4827, 0.974964, 37.2696, 11.3294, -0.395119, NaN, 0.579954, 0, 8.347, 10.554, 11.407, 11.323, 0.395432, 2.31113e+42, 0.485338, NaN, NaN, NaN, 0.279, NaN, NaN, , NaN, 0, 8.90591
UGC11982, 22.3147, -1.0587, 0.015903, 4696.32, 66.3039, 15.8934, 14.9658, 14.1789, 14.4948, 11.0434, 12.8202, 0.826589, 12.0162, 10.0962, -0.276657, 8.38466, 1.05404, 0, 7.92, 9.622, 12.843, 12.799, 0.723503, 1.26696e+42, 0.266061, 84.76, NaN, 15.617, 0.453, 1.193, 6, SBc, 1.2218, 0, 9.02437
UGC12054, 22.4923, 7.7263, 0.006922, 2062.27, 29.7698, 15.6962, 14.8892, 14.2558, 14.4615, 15.8791, 16.2769, 0.97302, 44.3154, 9.33809, -0.757314, 8.31413, 0.524901, 0, 8.154, 10.235, 13.006, 13.062, 1.44005, 2.0589e+41, 0.0432368, 90, NaN, 14.991, 0.477, 0.878, 3, Sb, 1.15611, 0, 8.54372
UGC12224, 22.8773, 6.09371, 0.011643, 3452.85, 49.1283, 15.7748, 14.7175, 13.9626, 14.2111, 27.2623, 30.3087, 0.681794, 10.6241, 10.4128, -0.105365, 8.4831, 0.484403, 0, 7.001, 9.511, 12.837, 12.783, 0.463017, 1.62161e+42, 0.340538, 29.55, NaN, 15.185, 0.375, 0.103, 5.9, Sc, 1.49279, 0, 9.19566
UGC12250, 22.9266, 12.7903, 0.024046, 7044.44, 100.165, 15.9314, 14.4104, 13.4761, 13.767, 14.9431, 23.0122, 0.658648, 8.56676, 11.1779, 0.403053, 8.53714, 0.821254, 0, 7.934, 9.48, 11.341, 11.263, 0.179272, 2.85439e+42, 0.599422, 55.75, NaN, 16.71, 0.212, 0.324, 3, SBb, 1.67494, 0, 9.70408
UGC12274, 22.9721, 26.0621, 0.025382, 7426.17, 106.407, 15.842, 14.304, 13.2992, 13.6249, 15.1846, 23.7246, 0.838693, -41.7916, 11.1427, -0.201894, NaN, 1.19886, 0, 7.999, 9.851, 11.435, 11.364, 0.602827, 3.03405e+42, 0.637151, 81.02, NaN, 18.013, 0.438, 0.549, 2, Sab, 1.3366, 0, 9.09914
UGC12308, 23.0219, 14.3397, 0.007568, 2253.39, 32.7637, 15.602, 14.9723, 14.5135, 14.6887, 19.3828, 20.2058, 0.935402, 26.877, 9.49443, -0.632502, 8.28539, 0.192525, 0, 8.391, 10.721, 13.455, 13.47, 0.185051, 2.0048e+41, 0.0421008, 84.21, NaN, 14.379, 0.301, 1.16, 5.8, Sc, 2.11836, 0, 8.66853
UGC12348, 23.0886, 0.189506, 0.025211, 7377.22, 103.923, 15.52, 14.197, 13.2575, 13.5757, 20.2682, 35.587, 0.972015, 44.4838, 10.9948, 0.686744, 8.52175, 0.892966, 0, 3.718, 6.306, 9.196, 10.043, 0.0170573, 1.49246e+44, 31.3417, 90, 13.145, NaN, 0.208, 0.444, 1, Sa, 1.2735, 0, 9.98777
UGC12494, 23.3146, 6.87671, 0.016221, 4788.76, 67.8696, 16.5635, 15.341, 14.388, 14.7433, 17.0379, 14.6867, 0.885805, 30.687, 10.0687, -0.931541, NaN, 2.39526, 0, 7.796, 10.269, 13.675, 13.851, 2.10546, 1.48811e+42, 0.312503, 76.78, NaN, 15.541, 0.454, 0.98, 6.7, Scd, 1.40929, 0, 8.36949
UGC12518, 23.3369, 7.9321, 0.012872, 3812.58, 54.1881, 16.3398, 14.8932, 13.7267, 14.108, 14.2132, 15.7156, 0.953713, 24.5613, 10.3661, -0.690326, NaN, 2.24533, 0, 6.949, 8.911, 11.186, 11.252, 1.08582, 2.06962e+42, 0.434621, 90, NaN, 16.152, 0.492, 0.886, 3, Sb, 1.40929, 0, 8.6107
UGC12519, 23.3341, 15.9529, 0.014705, 4347.57, 62.2797, 15.6124, 14.5249, 13.7159, 13.9831, 18.6873, 20.2058, 0.98554, -22.3303, 10.4828, 0.340698, 8.51179, 0.936278, 0, 5.696, 8.058, 11.743, 11.683, 0.436925, 8.66916e+42, 1.82052, 76.63, 13.003, 15.839, 0.181, 0.81, 4.5, SBbc, 1.34896, 0, 9.64173
UGC12633, 23.5038, 15.761, 0.014163, 4189.61, 59.9932, 15.703, 14.4707, 13.3735, 13.7237, 14.8731, 18.522, 0.862621, -2.16317, 10.4779, 0.778591, 8.46078, 2.88558, 0, 3.583, 6.118, 10.254, 10.478, 0.682657, 5.63234e+43, 11.8279, 50.23, 11.919, 15.515, 0.217, 0.217, 2.1, SBab, 0.877001, 0, 10.0796
UGC12688, 23.5906, 7.32215, 0.01756, 5177.04, 73.2885, 15.6038, 14.7192, 13.9989, 14.2391, 16.2841, 15.8164, 0.947608, -8.47619, 10.3419, 0.352269, 8.483, 0.894118, 0, 5.707, 7.882, 11.816, 11.895, 0.229137, 1.18838e+43, 2.4956, 79.35, 13.352, 15.387, 0.364, 1.024, 6, Sc, 1.49624, 0, 9.6533
UGC12810, 23.8517, 1.05675, 0.027155, 7931.04, 111.558, 15.5017, 14.536, 13.7992, 14.0663, 19.02, 21.1812, 0.956306, 44.5539, 11.056, 0.771602, 8.48886, 1.11704, 0, 5.449, 7.937, 11.58, 11.716, 0.280121, 3.49211e+43, 7.33343, 70.87, 13.203, 15.663, 0.097, 0.62, 3.8, SABb, 1.69044, 0, 10.0726
UGC12816, 23.8641, 3.08295, 0.017728, 5225.79, 73.5959, 15.2954, 14.6723, 14.2211, 14.4101, 17.2652, 19.6445, 0.74351, -41.172, 10.3433, 0.211812, 8.38278, 0.679013, 0, 7.118, 9.089, 12.677, 12.691, 0.973025, 3.26732e+42, 0.686136, 55.86, NaN, 15.271, 0.204, 0.413, 5.8, SABc, 0.891251, 0, 9.51284
VV488NED02, 22.9475, -8.96746, 0.016465, 4859.61, 67.8607, 15.9497, 14.751, 13.7356, 14.103, 14.8844, 21.7386, 0.989778, -20.5454, 10.495, 0.287559, 8.44731, 0.72786, 0, 6.338, 8.102, 11.061, 11.11, 0.312262, 5.69797e+42, 1.19657, 90, NaN, 14.847, 0.157, 1.162, 5, SBc, 2.06538, 0, 9.58859
